Product,Price,KMs,Fuel,Owners,Year,Location,Brand
BMW 5 Series 520d Sedan,1750000,60000,Diesel,1,2011,Hyderabad,BMW
Audi A4 2.0 TDI Multitronic...,1400000,64157,Diesel,1,2011,Hyderabad,Audi
Hyundai Creta SX 1.6 Petrol,1480000,21073,Petrol,1,2019,Hyderabad,Hyundai
Maruti Suzuki Alto K10 VXi,259000,42871,Petrol,2,2012,Hyderabad,Maruti
Ford Figo Duratorq Diesel E...,340000,68664,Diesel,1,2014,Hyderabad,Ford
Maruti Suzuki Swift Dzire VDi,360000,54475,Diesel,2,2008,Hyderabad,Maruti
Hyundai Creta SX+ 1.6 U2 VG...,1170000,45236,Diesel,2,2016,Hyderabad,Hyundai
Maruti Suzuki Swift VDi,495000,87732,Diesel,1,2014,Hyderabad,Maruti
Tata Indica V2 LS,299000,39460,Diesel,2,2016,Hyderabad,Tata
BMW 3 Series 320d Sedan,1975000,99000,Diesel,1,2015,Hyderabad,BMW
BMW X1 xDrive20d xLine,2770000,61000,Diesel,1,2017,Hyderabad,BMW
Mahindra XUV500 W8 FWD,690000,132000,Diesel,1,2012,Hyderabad,Mahindra
Tata Nano LX,80000,19500,Petrol,1,2011,Hyderabad,Tata
Hyundai Santro Xing XO eRLX...,185000,73568,Petrol,1,2007,Hyderabad,Hyundai
Maruti Suzuki Swift ZXi,650000,10580,Petrol,1,2019,Hyderabad,Maruti
Hyundai i20 Sportz 1.4 CRDI,350000,66600,Diesel,1,2011,Hyderabad,Hyundai
Maruti Suzuki Swift VDi ABS,580000,105469,Diesel,1,2015,Hyderabad,Maruti
Skoda Superb 2.5 TDi,330000,102451,Diesel,1,2006,Hyderabad,Skoda
Volkswagen Polo Highline1.2...,480000,48429,Petrol,1,2014,Hyderabad,Volkswagen
Maruti Suzuki Baleno Delta ...,680000,68259,Diesel,1,2015,Hyderabad,Maruti
Hyundai Verna Fluidic 1.6 C...,755000,75412,Diesel,1,2014,Hyderabad,Hyundai
Ford EcoSport 1.5 TDCi Tita...,775000,66737,Diesel,1,2016,Hyderabad,Ford
Hyundai Creta SX 1.6 CRDI VGT,1125000,95000,Diesel,1,2017,Hyderabad,Hyundai
Skoda Rapid 1.5 TDI CR Ambi...,570000,63000,Diesel,1,2014,Hyderabad,Skoda
Volkswagen Polo GT TSI Sport,950000,7080,Petrol,1,2019,Hyderabad,Volkswagen
Volvo XC60 Inscription D5,2600000,117280,Diesel,1,2016,Hyderabad,Volvo
Maruti Suzuki Celerio ZXi AMT,545000,36345,Petrol,1,2018,Hyderabad,Maruti
Maruti Suzuki Celerio ZXi,549000,15261,Petrol,1,2019,Hyderabad,Maruti
Maruti Suzuki Swift Old VXi...,225000,58152,Petrol,2,2006,Hyderabad,Maruti
BMW X7 xDrive 40i,9900000,9000,Petrol,1,2019,Hyderabad,BMW
Hyundai i10 Magna 1.2 Kappa2,381848,57390,Petrol,1,2012,Hyderabad,Hyundai
Hyundai i10 Magna 1.1 LPG,379006,65253,LPG,1,2012,Hyderabad,Hyundai
Datsun Redi-GO T(O),326110,41987,Petrol,1,2016,Hyderabad,Datsun
Maruti Suzuki Celerio Zdi,488899,35330,Diesel,1,2015,Hyderabad,Maruti
Mercedes Benz C Class C 43 AMG,7200000,13000,Petrol,1,2019,Hyderabad,Mercedes
Mini Cooper S,3000000,20000,Petrol,1,2016,Hyderabad,Mini
BMW 3 Series 320d GT Luxury...,3600000,43000,Diesel,1,2018,Hyderabad,BMW
Hyundai Santro Xing GLS LPG,260000,65000,LPG,1,2010,Hyderabad,Hyundai
Hyundai Eon Sportz,345000,34000,Petrol,1,2016,Hyderabad,Hyundai
Maruti Suzuki Vitara Brezza...,799000,59208,Diesel,1,2017,Hyderabad,Maruti
Maruti Suzuki Ertiga ZDI BS...,690000,81266,Diesel,1,2014,Hyderabad,Maruti
Mercedes Benz GLA Class 200...,2300000,12000,Diesel,1,2018,Hyderabad,Mercedes
Audi A6 35 TDI Matrix,2600000,18000,Diesel,1,2018,Hyderabad,Audi
Audi Q3 35 TDI Premium + Su...,1600000,35000,Diesel,1,2017,Hyderabad,Audi
Toyota Fortuner 2.8 4x4 AT,2300000,29000,Diesel,1,2017,Hyderabad,Toyota
Audi Q3 30 TFSI Premium,1800000,15000,Petrol,1,2018,Hyderabad,Audi
Toyota Fortuner 3.0 4X2 MT,2000000,146000,Diesel,1,2015,Hyderabad,Toyota
Toyota Innova Crysta 2.4 GX...,1850000,30000,Diesel,1,2018,Hyderabad,Toyota
Toyota Innova Crysta 2.4 G ...,1650000,107000,Diesel,1,2017,Hyderabad,Toyota
Mini Cooper 1.6,1800000,60000,Petrol,1,2012,Hyderabad,Mini
Maruti Suzuki Ertiga VXI BS IV,48000,48000,Petrol,1,2013,Hyderabad,Maruti
BMW 6 Series GT 630d Luxury...,4000000,5000,Diesel,1,2019,Hyderabad,BMW
BMW X1 sDrive20d Expedition,1600000,31000,Diesel,1,2017,Hyderabad,BMW
Mercedes Benz E Class E 220 d,3200000,15000,Diesel,1,2017,Hyderabad,Mercedes
Toyota Fortuner 2.8 4x4 AT,2300000,29000,Diesel,1,2017,Hyderabad,Toyota
Toyota Innova Crysta 2.4 VX...,1675000,65000,Diesel,1,2016,Hyderabad,Toyota
Renault Kwid 1.0 RXT AMT,430000,31000,Petrol,1,2017,Hyderabad,Renault
Mini Cooper S,2975000,23000,Petrol,1,2016,Hyderabad,Mini
Hyundai Santro Xing XS,135000,42084,Petrol,2,2003,Hyderabad,Hyundai
Maruti Suzuki Swift VXi,560000,7000,Petrol,1,2015,Hyderabad,Maruti
Mercedes Benz GLA Class 200...,2725000,20000,Diesel,1,2017,Hyderabad,Mercedes
Toyota Innova 2.5 G4 8 STR,950000,88321,Diesel,2,2013,Hyderabad,Toyota
Hyundai Creta SX(O) 1.6 CRD...,1275000,55321,Diesel,1,2017,Hyderabad,Hyundai
Chevrolet Spark LS 1.0,185000,71000,Petrol,1,2009,Hyderabad,Chevrolet
Ford Ikon 1.6 SXi,145000,62000,Petrol,1,2004,Hyderabad,Ford
Maruti Suzuki Ertiga ZDI BS...,650000,78000,Diesel,1,2014,Hyderabad,Maruti
Toyota Innova 2.5 V 7 STR,875000,150000,Diesel,1,2010,Hyderabad,Toyota
Tata Hexa XT 4x2 7 STR,1285000,75000,Diesel,1,2018,Hyderabad,Tata
Maruti Suzuki Swift VXi,633200,52920,Petrol,1,2017,Hyderabad,Maruti
Honda City ZX EXi,326670,71441,Petrol,1,2008,Hyderabad,Honda
Maruti Suzuki Alto K10 LXi,272829,79433,Petrol,1,2012,Hyderabad,Maruti
Toyota Etios D 4D GD,731000,89318,Diesel,1,2016,Hyderabad,Toyota
Hyundai i10 Asta 1.2,338309,52473,Petrol,1,2009,Hyderabad,Hyundai
Honda Jazz V MT,610866,32810,Petrol,1,2016,Hyderabad,Honda
Ford EcoSport 1.5 TDCi Tita...,731347,59636,Diesel,1,2015,Hyderabad,Ford
Maruti Suzuki Swift LDi BS IV,320000,92123,Diesel,1,2011,Hyderabad,Maruti
Chevrolet Spark LT 1.0,145000,49786,Petrol,1,2010,Hyderabad,Chevrolet
Mercedes Benz E Class 280 C...,850000,48741,Diesel,1,2006,Hyderabad,Mercedes
Hyundai i10 Magna 1.2,310000,64616,Petrol,1,2010,Hyderabad,Hyundai
Volkswagen Vento 1.6L AT Hi...,750000,73285,Diesel,1,2015,Hyderabad,Volkswagen
Maruti Suzuki S Cross Zeta ...,825000,57418,Diesel,1,2016,Hyderabad,Maruti
Toyota Innova Crysta 2.4 VX...,1700000,86500,Diesel,1,2016,Hyderabad,Toyota
Hyundai Grand i10 Asta(O) 1...,540000,75247,Diesel,1,2015,Hyderabad,Hyundai
Maruti Suzuki A Star Vxi (A...,375000,37325,Petrol,1,2013,Hyderabad,Maruti
Maruti Suzuki Alto K10 VXi,340000,45268,Petrol,1,2015,Hyderabad,Maruti
Maruti Suzuki Wagon R 1.0 M...,370000,79043,LPG,1,2012,Hyderabad,Maruti
Maruti Suzuki Eeco 5 STR WI...,295000,41312,CNG,1,2011,Hyderabad,Maruti
Maruti Suzuki Wagon R 1.0 M...,310000,62321,LPG,1,2011,Hyderabad,Maruti
Maruti Suzuki 800 AC,155000,72870,Petrol,1,2011,Hyderabad,Maruti
Maruti Suzuki 800 AC BS III,105000,55524,Petrol,1,2007,Hyderabad,Maruti
Skoda Superb 1.8 TSI AT Ele...,475000,64321,Petrol,1,2009,Hyderabad,Skoda
Mercedes Benz GLE 250 d,4250000,53000,Diesel,1,2015,Hyderabad,Mercedes
Maruti Suzuki Wagon R LXI,244000,30000,Petrol,1,2009,Hyderabad,Maruti
BMW 3 Series 320d Sedan,850000,101574,Diesel,1,2011,Hyderabad,BMW
Renault Kwid RxT,390000,46000,Petrol,1,2016,Hyderabad,Renault
Honda Jazz V 1.2L i-VTEC CVT,775000,31000,Petrol,1,2017,Hyderabad,Honda
Hyundai Santro Xing GLS,225000,68000,Petrol,1,2007,Hyderabad,Hyundai
Volkswagen Polo GT TDI,470000,88000,Diesel,1,2013,Hyderabad,Volkswagen
Hyundai Eon D-Lite +,330000,70000,Petrol,1,2015,Hyderabad,Hyundai
Maruti Suzuki Baleno Alpha ...,640000,55000,Petrol,1,2016,Hyderabad,Maruti
Maruti Suzuki 800 AC BS III,120000,47990,Petrol,1,2008,Hyderabad,Maruti
Hyundai Verna VGT CRDi,280000,112738,Diesel,1,2007,Hyderabad,Hyundai
Ford Fiesta ZXi 1.4 TDCi,320000,54346,Diesel,1,2011,Hyderabad,Ford
Renault Duster RxL Diesel 85PS,545000,87708,Diesel,1,2013,Hyderabad,Renault
Volkswagen Polo Highline1.5...,595000,82637,Diesel,1,2015,Hyderabad,Volkswagen
Nissan Terrano XL Plus Diesel,575000,116368,Diesel,1,2013,Hyderabad,Nissan
Tata Nexon XT Diesel,799000,43314,Diesel,1,2017,Hyderabad,Tata
Hyundai Santro Sportz AMT,610000,8693,Petrol,1,2019,Hyderabad,Hyundai
Toyota Innova 2.5 G (Diesel...,450000,118477,Diesel,2,2012,Hyderabad,Toyota
Land Rover Range Rover 3.0 ...,6900000,100000,Diesel,2,2013,Hyderabad,Land
Maruti Suzuki Swift Dzire VXi,495000,22500,Petrol,1,2012,Hyderabad,Maruti
Volkswagen Polo Comfortline...,400000,21000,Petrol,1,2010,Hyderabad,Volkswagen
Toyota Commuter HiAce 3.0 L,6400000,11680,Diesel,2,2016,Hyderabad,Toyota
Audi A3 35 TDI Premium Plus...,2599000,15000,Diesel,1,2018,Hyderabad,Audi
Land Rover Range Rover Evoq...,3899999,42000,Diesel,2,2016,Hyderabad,Land
Hyundai Santro Xing GLS AT,270000,78000,Petrol,2,2007,Hyderabad,Hyundai
Toyota Glanza V CVT,925000,25865,Petrol,1,2019,Hyderabad,Toyota
Maruti Suzuki Celerio Vdi,439000,39000,Diesel,1,2017,Hyderabad,Maruti
Volvo S90 Inscription Luxury,5100000,17000,Diesel,1,2019,Hyderabad,Volvo
Maruti Suzuki Ciaz Alpha 1....,875000,36000,Diesel,1,2018,Hyderabad,Maruti
Honda City V CVT Petrol,875000,40500,Petrol,1,2017,Hyderabad,Honda
Maruti Suzuki Swift Dzire VDi,350000,70000,Diesel,1,2008,Hyderabad,Maruti
Toyota Innova Crysta 2.8 ZX...,1975000,69321,Diesel,1,2017,Hyderabad,Toyota
Honda City ZX CVT Petrol,1090000,49978,Petrol,1,2017,Hyderabad,Honda
Hyundai Verna Fluidic 1.6 C...,740000,95000,Diesel,1,2015,Hyderabad,Hyundai
Volkswagen Vento 1.5 TDI Hi...,730000,96000,Diesel,1,2015,Hyderabad,Volkswagen
Maruti Suzuki Ertiga VDI BS IV,611000,112000,Diesel,1,2012,Hyderabad,Maruti
Nissan Micra XV Petrol Active,448000,51456,Petrol,1,2015,Hyderabad,Nissan
Land Rover Range Rover Evoq...,5600000,18000,Diesel,1,2018,Hyderabad,Land
Mercedes Benz GLS 350 d,5850000,51000,Diesel,1,2016,Hyderabad,Mercedes
Ford EcoSport 1.5 TDCi Tita...,650000,90000,Diesel,1,2015,Hyderabad,Ford
Hyundai Elite i20 1.2 Kappa...,666000,77597,Petrol,1,2015,Hyderabad,Hyundai
Maruti Suzuki Baleno Delta ...,699000,45215,Petrol,1,2016,Hyderabad,Maruti
Honda Amaze 1.5 VX i-DTEC,666000,61198,Diesel,1,2016,Hyderabad,Honda
Volkswagen Ameo Comfortline...,629000,23882,Petrol,1,2016,Hyderabad,Volkswagen
Hyundai Grand i10 Sportz U2...,583000,91288,Diesel,1,2016,Hyderabad,Hyundai
Datsun GO T (O),360000,23142,Petrol,1,2017,Hyderabad,Datsun
Tata Tiago Revotorq XZ,590000,28628,Diesel,1,2017,Hyderabad,Tata
Mahindra Bolero ZLX BS3,517000,92705,Diesel,1,2012,Hyderabad,Mahindra
Maruti Suzuki A Star Vxi,273000,92411,Petrol,1,2011,Hyderabad,Maruti
Ford Figo Duratec Petrol Ti...,441439,93334,Petrol,1,2014,Hyderabad,Ford
Hyundai Santro Xing GLS LPG,251000,131279,LPG,1,2009,Hyderabad,Hyundai
Maruti Suzuki Dzire VDI,775000,36000,Diesel,1,2018,Hyderabad,Maruti
Toyota Fortuner 3.0 MT,1185000,131000,Diesel,2,2010,Hyderabad,Toyota
Honda Accord 2008 2.4 MT,545000,53000,Petrol,2,2009,Hyderabad,Honda
Maruti Suzuki Vitara Brezza...,1080000,36000,Diesel,1,2018,Hyderabad,Maruti
Mercedes Benz E Class E250 ...,2395000,35000,Diesel,1,2014,Hyderabad,Mercedes
Maruti Suzuki Alto K10 VXi,310000,35265,Petrol,2,2015,Hyderabad,Maruti
Hyundai Grand i10 Magna U2 ...,449000,63091,Diesel,2,2014,Hyderabad,Hyundai
Hyundai Verna VGT CRDi ABS,330000,108773,Diesel,1,2009,Hyderabad,Hyundai
Honda City VX(O) 1.5L i-DTE...,700000,66996,Diesel,1,2015,Hyderabad,Honda
Skoda Rapid 1.5 TDI CR Eleg...,585000,114324,Diesel,1,2014,Hyderabad,Skoda
Maruti Suzuki Wagon R Duo L...,190000,90340,LPG,2,2007,Hyderabad,Maruti
BMW X1 sDrive20d,910000,100500,Diesel,1,2011,Hyderabad,BMW
Toyota Etios GD,375000,120600,Diesel,1,2012,Hyderabad,Toyota
Maruti Suzuki Ritz Zxi BS IV,300000,68000,Petrol,1,2009,Hyderabad,Maruti
Toyota Innova 2.5 E 7 STR,775000,162500,Diesel,1,2012,Hyderabad,Toyota
Chevrolet Sail 1.3 TCDi LS ...,310000,90300,Diesel,2,2013,Hyderabad,Chevrolet
Maruti Suzuki Wagon R 1.0 VXi,450000,45000,Petrol,1,2016,Hyderabad,Maruti
Hyundai Creta SX+ 1.6 CRDI VGT,1050000,70500,Diesel,2,2015,Hyderabad,Hyundai
Hyundai i10 Magna,310000,33000,Petrol,1,2010,Hyderabad,Hyundai
Hyundai i10 Magna,250000,53000,Petrol,1,2008,Hyderabad,Hyundai
Honda City 1.5 S MT,350000,75000,Petrol,1,2008,Hyderabad,Honda
Maruti Suzuki Ertiga ZDI SHVS,790000,150000,Diesel,1,2015,Hyderabad,Maruti
Maruti Suzuki Vitara Brezza...,795000,66000,Diesel,1,2016,Hyderabad,Maruti
Hyundai Grand i10 Asta 1.2 ...,550000,7500,Petrol,1,2018,Hyderabad,Hyundai
Honda WR-V S MT Petrol,765000,33000,Petrol,1,2017,Hyderabad,Honda
Maruti Suzuki Ertiga VDI BS IV,680000,75000,Diesel,1,2013,Hyderabad,Maruti
Maruti Suzuki Swift Dzire VDi,350000,70000,Diesel,1,2008,Hyderabad,Maruti
Maruti Suzuki Ritz Vdi BS IV,300000,91000,Diesel,1,2011,Hyderabad,Maruti
Hyundai Elite i20 1.2 Kappa...,690000,38000,Petrol,1,2017,Hyderabad,Hyundai
Hyundai i20 Sportz 1.4 CRDI,550000,80000,Diesel,1,2014,Hyderabad,Hyundai
Hyundai Verna Fluidic 1.6 CRDI,550000,90000,Diesel,1,2012,Hyderabad,Hyundai
Hyundai i10 Magna 1.2 Kappa2,360000,68000,Petrol,1,2011,Hyderabad,Hyundai
Maruti Suzuki Swift Dzire VDi,655000,62000,Diesel,1,2017,Hyderabad,Maruti
Maruti Suzuki Baleno Sigma ...,680000,51000,Petrol,1,2017,Hyderabad,Maruti
Hyundai i10 Sportz 1.2,330000,59000,Petrol,1,2010,Hyderabad,Hyundai
Maruti Suzuki Swift Old VDi,350000,110000,Diesel,1,2009,Hyderabad,Maruti
Hyundai i20 Magna 1.4 CRDI,470000,83000,Diesel,1,2012,Hyderabad,Hyundai
Hyundai Verna Fluidic 1.6 C...,600000,75000,Diesel,1,2012,Hyderabad,Hyundai
Maruti Suzuki Vitara Brezza...,965000,85000,Diesel,1,2017,Hyderabad,Maruti
Maruti Suzuki New Swift DZi...,730000,48000,Diesel,1,2017,Hyderabad,Maruti
Maruti Suzuki Swift Dzire VDi,625000,62000,Diesel,1,2015,Hyderabad,Maruti
Toyota Innova Crysta 2.4 ZX...,1775000,70000,Diesel,1,2016,Hyderabad,Toyota
Mini Cooper JCW,2500000,26000,Petrol,1,2016,Hyderabad,Mini
Ford EcoSport 1.5 TDCi Tita...,640000,71167,Diesel,1,2014,Hyderabad,Ford
Toyota Innova 2.5 E 8 STR,1050000,245414,Diesel,1,2013,Hyderabad,Toyota
Honda Amaze S MT Diesel,475000,88248,Diesel,2,2014,Hyderabad,Honda
Maruti Suzuki S Cross Alpha...,790000,74739,Diesel,2,2016,Hyderabad,Maruti
Hyundai Elite i20 1.4 U2 CR...,680000,65000,Diesel,1,2017,Hyderabad,Hyundai
Hyundai i20 Sportz 1.4 CRDI,425000,56000,Diesel,1,2012,Hyderabad,Hyundai
Maruti Suzuki Ertiga ZXi,1150000,16601,Petrol,1,2019,Hyderabad,Maruti
Hyundai Eon Era + LPG,225000,90000,LPG,1,2013,Hyderabad,Hyundai
Tata Nexon KRAZ Petrol,745000,35000,Petrol,1,2018,Hyderabad,Tata
Mercedes Benz CLA Class 200...,1800000,68000,Petrol,1,2016,Hyderabad,Mercedes
Maruti Suzuki Swift ZXi Plu...,725000,40000,Petrol,1,2018,Hyderabad,Maruti
Honda CR V 2.4 AT,1445000,49000,Petrol,1,2014,Hyderabad,Honda
Hyundai Verna Fluidic 1.6 C...,575000,86813,Diesel,1,2012,Hyderabad,Hyundai
Maruti Suzuki Swift VDi,590000,116000,Diesel,1,2015,Hyderabad,Maruti
Toyota Innova Crysta 2.4 ZX...,1775000,75000,Diesel,1,2016,Hyderabad,Toyota
Maruti Suzuki Baleno Sigma ...,690000,5000,Petrol,1,2019,Hyderabad,Maruti
Maruti Suzuki New Swift DZi...,620000,93000,Diesel,1,2014,Hyderabad,Maruti
Ford EcoSport 1.5 TDCi Tita...,630000,67000,Diesel,1,2013,Hyderabad,Ford
Hyundai i10 Era 1.1 LPG,380000,72000,LPG,1,2013,Hyderabad,Hyundai
Mahindra Thar CRDe 4x4 AC,1050000,22321,Diesel,1,2019,Hyderabad,Mahindra
Honda City VX(O) BL 1.5L i-...,730000,66000,Diesel,1,2015,Hyderabad,Honda
Renault Pulse RxZ Petrol,410000,73000,Petrol,1,2016,Hyderabad,Renault
Toyota Innova 2.5 VX 8 STR,545000,146000,Diesel,1,2007,Hyderabad,Toyota
Maruti Suzuki New Swift DZi...,730000,48000,Diesel,1,2017,Hyderabad,Maruti
Ford EcoSport 1.5 TDCi Tita...,780000,73000,Diesel,1,2016,Hyderabad,Ford
Ford Ikon DuraTorq 1.4 TDCi,175000,84000,Diesel,1,2009,Hyderabad,Ford
Maruti Suzuki Alto LXI BS IV,185000,72583,CNG,1,2011,Hyderabad,Maruti
Maruti Suzuki Swift Dzire V...,575000,82369,Diesel,1,2014,Hyderabad,Maruti
Maruti Suzuki Vitara Brezza...,1075000,38620,Diesel,1,2018,Hyderabad,Maruti
Hyundai i10 Sportz 1.2 AT,410000,57001,Petrol,,2012,Hyderabad,Hyundai
Maruti Suzuki Swift Dzire VDi,644060,77303,Diesel,1,2015,Hyderabad,Maruti
Volkswagen Vento 1.6L MT Hi...,611077,71731,Diesel,1,2014,Hyderabad,Volkswagen
Maruti Suzuki Swift VDi BS IV,348465,72179,Diesel,1,2010,Hyderabad,Maruti
Volkswagen Vento 1.6L MT Hi...,500000,49361,Petrol,1,2013,Hyderabad,Volkswagen
Volkswagen Vento 1.6L MT Hi...,597843,86584,Diesel,1,2013,Hyderabad,Volkswagen
Maruti Suzuki Alto LXI,185175,86156,Petrol,1,2007,Hyderabad,Maruti
Hyundai Eon Era,239355,97910,Petrol,1,2012,Hyderabad,Hyundai
Maruti Suzuki Zen Estilo VXi,174630,72277,Petrol,1,2006,Hyderabad,Maruti
Maruti Suzuki Wagon R 1.0 M...,381420,46755,Petrol,1,2013,Hyderabad,Maruti
Maruti Suzuki A Star Vxi,228922,106742,Petrol,1,2009,Hyderabad,Maruti
Hyundai Santro Xing GLS,262060,88290,Petrol,1,2010,Hyderabad,Hyundai
Maruti Suzuki Alto LXI,185497,76366,Petrol,1,2007,Hyderabad,Maruti
Maruti Suzuki Alto K10 VXi,272465,47589,Petrol,1,2012,Hyderabad,Maruti
Maruti Suzuki New Swift DZi...,764320,69586,Diesel,1,2016,Hyderabad,Maruti
Maruti Suzuki Swift VDi,622441,62625,Diesel,1,2015,Hyderabad,Maruti
Hyundai Elite i20 Magna Exe...,764145,25645,Diesel,1,2018,Hyderabad,Hyundai
Honda Brio V MT,447146,23748,Petrol,1,2013,Hyderabad,Honda
Tata Nano LX,150000,6406,Petrol,1,2012,Hyderabad,Tata
Maruti Suzuki Wagon R LXI,191053,98291,Petrol,1,2008,Hyderabad,Maruti
Maruti Suzuki Alto K10 VXi,250000,39290,Petrol,1,2010,Hyderabad,Maruti
Maruti Suzuki Wagon R 1.0 V...,463474,63296,Petrol,1,2015,Hyderabad,Maruti
Hyundai Eon D-Lite +,293792,93209,Petrol,1,2014,Hyderabad,Hyundai
Maruti Suzuki Omni E MPI ST...,196062,35495,Petrol,1,2010,Hyderabad,Maruti
Maruti Suzuki Wagon R 1.0 VXi,468811,38311,Petrol,1,2017,Hyderabad,Maruti
Hyundai i20 Sportz 1.4 CRDI,480231,94415,Diesel,1,2013,Hyderabad,Hyundai
Maruti Suzuki Swift Dzire VDi,590000,36658,Diesel,1,2014,Hyderabad,Maruti
Honda Jazz V 1.2L i-VTEC CVT,738705,36996,Petrol,1,2016,Hyderabad,Honda
Volkswagen Vento 1.6L MT Co...,620813,62543,Diesel,1,2014,Hyderabad,Volkswagen
Maruti Suzuki Alto K10 VXi,272550,55230,Petrol,1,2012,Hyderabad,Maruti
Maruti Suzuki Alto K10 LXi,288575,70450,Petrol,1,2012,Hyderabad,Maruti
Honda City ZX GXi,326668,78948,Petrol,1,2007,Hyderabad,Honda
Maruti Suzuki Wagon R LXI,206943,71928,Petrol,1,2008,Hyderabad,Maruti
Honda Brio V MT,435901,59988,Petrol,1,2013,Hyderabad,Honda
Maruti Suzuki Ciaz VDi+ SHVS,796756,68429,Diesel,1,2016,Hyderabad,Maruti
Hyundai i10 Era iRDE2,348779,32317,Petrol,1,2012,Hyderabad,Hyundai
Maruti Suzuki Alto LXI,199910,87275,Petrol,1,2009,Hyderabad,Maruti
Nissan Micra XV Petrol,348332,82568,Petrol,1,2013,Hyderabad,Nissan
Hyundai Grand i10 Sportz U2...,468888,79225,Diesel,1,2015,Hyderabad,Hyundai
Honda Brio S MT,349071,94598,Petrol,1,2013,Hyderabad,Honda
Toyota Innova 2.5 ZX BS IV ...,1550000,55000,Diesel,1,2015,Hyderabad,Toyota
Jaguar XF Diesel 3.0 V6,1850000,57000,Diesel,1,2012,Hyderabad,Jaguar
BMW X1 xDrive20d xLine,2775000,61000,Diesel,1,2016,Hyderabad,BMW
Toyota Innova 2.5 VX 8 STR ...,895000,105000,Diesel,2,2013,Hyderabad,Toyota
Tata Tiago NRG Petrol,615000,6000,Petrol,1,2019,Hyderabad,Tata
Maruti Suzuki Vitara Brezza...,775000,78000,Diesel,1,2016,Hyderabad,Maruti
Maruti Suzuki Vitara Brezza...,1090000,14600,Diesel,1,2019,Hyderabad,Maruti
Honda BR-V S (Petrol),970000,26457,Petrol,1,2019,Hyderabad,Honda
Land Rover Range Rover Vela...,7800000,31951,Petrol,1,2018,Hyderabad,Land
Hyundai Elite i20 1.4 U2 CR...,740000,17000,Diesel,1,2017,Hyderabad,Hyundai
Mahindra XUV500 W8 4 X 4,985000,79304,Diesel,1,2015,Hyderabad,Mahindra
Toyota Innova Crysta 2.4 VX...,1750000,65000,Diesel,1,2016,Hyderabad,Toyota
Honda City 1.5 V AT,450000,33825,Petrol,1,2009,Hyderabad,Honda
Toyota Innova 2.5 V 8 STR,545000,146000,Diesel,1,2007,Hyderabad,Toyota
Maruti Suzuki Dzire VDI,830000,29000,Diesel,1,2019,Hyderabad,Maruti
Ford Figo Duratorq Diesel E...,290000,68000,Diesel,1,2011,Hyderabad,Ford
Hyundai Eon Magna +,325000,77000,Petrol,1,2015,Hyderabad,Hyundai
Mahindra Scorpio VLX BS IV,750000,68000,Diesel,1,2013,Hyderabad,Mahindra
Maruti Suzuki Alto 800 LXI,325000,37000,Petrol,1,2016,Hyderabad,Maruti
Maruti Suzuki Swift VDi ABS,570000,69000,Diesel,1,2015,Hyderabad,Maruti
Mahindra Xylo E4 BS IV,465000,61000,Diesel,1,2010,Hyderabad,Mahindra
Mahindra TUV300 T4+,875000,25000,Diesel,1,2018,Hyderabad,Mahindra
Hyundai Grand i10 Sportz (O...,645000,31000,Petrol,1,2017,Hyderabad,Hyundai
Hyundai Santro Xing XO eRLX...,230000,77000,Petrol,1,2007,Hyderabad,Hyundai
Volkswagen Polo Comfortline...,370000,78000,Diesel,1,2011,Hyderabad,Volkswagen
Honda City ZX CVT Petrol,1250000,26000,Petrol,1,2018,Hyderabad,Honda
Audi A6 2.0 TDI,2100000,58000,Diesel,1,2012,Hyderabad,Audi
Toyota Innova Crysta 2.8 GX...,1950000,30746,Diesel,1,2019,Hyderabad,Toyota
Maruti Suzuki Swift Dzire ZDI,430000,76863,Diesel,1,2011,Hyderabad,Maruti
Hyundai Xcent 2nd Gen 1.1 U...,520000,25843,Diesel,1,2014,Hyderabad,Hyundai
Land Rover Range Rover Spor...,3500000,79000,Diesel,1,2010,Hyderabad,Land
Land Rover Range Rover 5.0 ...,3000000,134000,Petrol,1,2010,Hyderabad,Land
Mahindra TUV300 T10,1050000,20060,Diesel,1,2018,Hyderabad,Mahindra
Mercedes Benz GL 350 CDI Lu...,3700000,67000,Diesel,1,2013,Hyderabad,Mercedes
Maruti Suzuki Wagon R 1.0 VXI+,490000,32977,Petrol,1,2018,Hyderabad,Maruti
Hyundai Grand i10 1.2 Kappa...,575000,32000,Petrol,1,2016,Hyderabad,Hyundai
Mercedes Benz E Class E 220 d,3200000,21000,Diesel,1,2017,Hyderabad,Mercedes
Hyundai Eon Era +,290000,40000,Petrol,1,2016,Hyderabad,Hyundai
Ford EcoSport 1.5 TDCi Tita...,650000,80000,Diesel,1,2014,Hyderabad,Ford
Volkswagen Polo Comfortline...,370000,78000,Diesel,1,2011,Hyderabad,Volkswagen
Maruti Suzuki Ritz MC VDI,350000,72000,Diesel,1,2009,Hyderabad,Maruti
Maruti Suzuki Swift VDi,570000,99000,Diesel,1,2014,Hyderabad,Maruti
Maruti Suzuki Alto LXI,170000,60000,Petrol,1,2006,Hyderabad,Maruti
Volkswagen Vento 1.6L MT Co...,550000,52359,Diesel,1,2013,Hyderabad,Volkswagen
Nissan X Trail SLX AT,775000,121812,Diesel,1,2010,Hyderabad,Nissan
Volkswagen Cross Polo 1.2 TDI,530000,63649,Diesel,1,2014,Hyderabad,Volkswagen
Chevrolet Enjoy 1.3 TCDi LTZ-7,450000,88576,Diesel,1,2013,Hyderabad,Chevrolet
Ford Figo Duratorq Diesel E...,310000,67160,Diesel,1,2011,Hyderabad,Ford
Skoda Fabia 2008 Ambiente 1...,310000,48285,Diesel,1,2008,Hyderabad,Skoda
Chevrolet Beat 1.0 LS TCDi ...,275000,52381,Diesel,1,2013,Hyderabad,Chevrolet
Skoda Rapid Ambition 1.5 TD...,510000,73264,Diesel,1,2012,Hyderabad,Skoda
Tata Aria Pure LX 4X2,800000,148402,Diesel,1,2014,Hyderabad,Tata
Maruti Suzuki Dzire VDI,725000,50000,Diesel,1,2017,Hyderabad,Maruti
Maruti Suzuki Alto 800 LXI,279000,67500,Petrol,1,2015,Hyderabad,Maruti
Renault Duster RxE Diesel 85PS,550000,49000,Diesel,1,2013,Hyderabad,Renault
Hyundai Verna Fluidic 1.6 C...,785000,47000,Diesel,1,2016,Hyderabad,Hyundai
Renault Duster RxE Diesel 85PS,510000,83000,Diesel,1,2014,Hyderabad,Renault
Ford Figo Aspire 1.5 TDCi T...,610000,59000,Diesel,1,2017,Hyderabad,Ford
Honda Mobilio V i DTEC,580000,78000,Diesel,1,2014,Hyderabad,Honda
Toyota Innova 2.5 V 7 STR,645000,230000,Diesel,1,2008,Hyderabad,Toyota
Mercedes Benz S Class 350 C...,2500000,85000,Diesel,1,2011,Hyderabad,Mercedes
Toyota Innova 2.5 EV PS 7 STR,600000,148364,Diesel,1,2006,Hyderabad,Toyota
Audi Q5 3.0 TDI quattro V6 ...,1700000,42000,Diesel,1,2009,Hyderabad,Audi
Hyundai i10 Magna 1.2,330000,47000,Petrol,1,2010,Hyderabad,Hyundai
Honda Amaze VX MT Petrol,650000,33000,Petrol,1,2016,Hyderabad,Honda
Toyota Innova Crysta 2.4 ZX...,1950000,62462,Diesel,1,2017,Hyderabad,Toyota
Hyundai Santro Xing XO eRLX...,195000,67890,Petrol,1,2006,Hyderabad,Hyundai
Hyundai Elite i20 1.2 Kappa...,750000,15818,Petrol,1,2018,Hyderabad,Hyundai
Maruti Suzuki Swift Old VDi,275000,72354,Diesel,1,2007,Hyderabad,Maruti
Maruti Suzuki Alto 800 LXI,310000,83374,Petrol,1,2015,Hyderabad,Maruti
Maruti Suzuki Swift VDi,390000,114545,Diesel,1,2011,Hyderabad,Maruti
Hyundai i10 Sportz 1.1 LPG,445000,50369,LPG,1,2015,Hyderabad,Hyundai
Maruti Suzuki Swift VDi,450000,98631,Diesel,1,2012,Hyderabad,Maruti
Maruti Suzuki Alto 800 LXI,290000,59199,Petrol,1,2014,Hyderabad,Maruti
Hyundai i20 Sportz 1.4 CRDI...,495000,73664,Diesel,2,2014,Hyderabad,Hyundai
Maruti Suzuki Alto 800 LXI,280000,60281,Petrol,1,2013,Hyderabad,Maruti
Morris Garage Hector Sharp ...,1850000,6000,Petrol,1,2019,Hyderabad,Morris
Hyundai Creta 1.6 E Petrol,850009,45000,Petrol,2,2017,Hyderabad,Hyundai
Land Rover Range Rover Spor...,8400000,30922,Diesel,1,2016,Hyderabad,Land
Maruti Suzuki Swift VDi,550000,100000,Diesel,1,2014,Hyderabad,Maruti
Audi Q5 2.0 TDI Technology ...,2800000,77000,Diesel,1,2016,Hyderabad,Audi
Toyota Land Cruiser Prado VX L,3800000,162000,Diesel,1,2013,Hyderabad,Toyota
Ford Figo Aspire 1.5 TDCi T...,685000,54000,Diesel,1,2017,Hyderabad,Ford
Maruti Suzuki Swift ZXi,650000,55000,Petrol,1,2017,Hyderabad,Maruti
BMW X3 xdrive-20d xLine,6200000,3000,Diesel,1,2019,Hyderabad,BMW
Hyundai Creta SX Plus 1.6 A...,1325000,62000,Diesel,1,2017,Hyderabad,Hyundai
Mercedes Benz C Class C 250...,1350000,58000,Diesel,1,2011,Hyderabad,Mercedes
BMW X1 sDrive20d M Sport,3200000,30000,Diesel,1,2018,Hyderabad,BMW
Skoda Superb 2.0 TDI CR AT ...,575000,154667,Diesel,1,2010,Hyderabad,Skoda
Maruti Suzuki Swift LXi,575000,86786,Petrol,1,2017,Hyderabad,Maruti
Chevrolet Cruze 2.0 LT MT BS4,595000,70000,Diesel,1,2014,Hyderabad,Chevrolet
Ford Figo Duratorq Diesel T...,260000,68184,Diesel,1,2010,Hyderabad,Ford
Hyundai Elite i20 1.4 U2 CR...,649000,80257,Diesel,1,2015,Hyderabad,Hyundai
Hyundai Elite i20 1.2 Kappa...,670000,38372,Petrol,1,2017,Hyderabad,Hyundai
Hyundai Elite i20 1.2 Kappa...,675000,38372,Petrol,1,2017,Hyderabad,Hyundai
Maruti Suzuki Alto LXI BS IV,245000,68289,CNG,1,2012,Hyderabad,Maruti
Toyota Fortuner 3.0 MT,1150000,170000,Diesel,1,2011,Hyderabad,Toyota
Hyundai Elite i20 Asta 1.4 ...,725000,63000,Diesel,1,2016,Hyderabad,Hyundai
Hyundai Getz GLS,170000,53000,Petrol,1,2007,Hyderabad,Hyundai
Hyundai i10 Sportz 1.2 AT K...,370000,68000,Petrol,1,2012,Hyderabad,Hyundai
Honda City V 1.5L i-DTEC,750000,90000,Diesel,1,2015,Hyderabad,Honda
Skoda Laura Elegance 1.9 TD...,425000,166000,Diesel,1,2010,Hyderabad,Skoda
Hyundai Verna Fluidic 1.6 C...,750000,103000,Diesel,1,2014,Hyderabad,Hyundai
Maruti Suzuki Swift Dzire VDi,390000,92000,Diesel,1,2009,Hyderabad,Maruti
Fiat Punto Abarth 1.4L T-Je...,650000,47000,Petrol,1,2016,Hyderabad,Fiat
Ford Endeavour Titanium 2.2...,2325000,44000,Diesel,1,2016,Hyderabad,Ford
Ford Figo Duratorq Diesel L...,425000,68000,Diesel,1,2014,Hyderabad,Ford
Hyundai i10 Magna,245000,97515,Petrol,1,2007,Hyderabad,Hyundai
Audi Q7 3.0 TDI quattro Tec...,2850000,85000,Diesel,1,2014,Hyderabad,Audi
Audi A4 35 TDI Technology Pack,1950000,84000,Diesel,1,2015,Hyderabad,Audi
Maruti Suzuki Baleno Zeta A...,800000,29278,Petrol,1,2017,Hyderabad,Maruti
Volkswagen Polo GT TSI,875000,19589,Petrol,1,2018,Hyderabad,Volkswagen
Ford Figo Titanium 1.5 Ti-V...,595000,20000,Petrol,1,2016,Hyderabad,Ford
Skoda Octavia Style Plus 2....,1375000,89118,Diesel,1,2015,Hyderabad,Skoda
Hyundai Creta SX+ 1.6 U2 VG...,1325000,55670,Diesel,1,2016,Hyderabad,Hyundai
BMW X1 sDrive20d,1350000,70731,Diesel,1,2012,Hyderabad,BMW
Maruti Suzuki Alto 800 VXI,290000,36400,Petrol,1,2015,Hyderabad,Maruti
Hyundai Santro Xing GLS,299000,34199,Petrol,1,2011,Hyderabad,Hyundai
Honda Amaze SX MT Diesel,590000,72127,Diesel,1,2015,Hyderabad,Honda
Mercedes Benz C Class C 220...,2350000,85000,Diesel,1,2014,Hyderabad,Mercedes
Mahindra XUV500 W8 AWD,800005,102637,Diesel,1,2013,Hyderabad,Mahindra
BMW X3 2011 xDrive20d,1650000,129000,Diesel,1,2012,Hyderabad,BMW
Ford EcoSport 1.0 Eco Boost...,625000,83212,Petrol,1,2014,Hyderabad,Ford
Maruti Suzuki Baleno Sigma ...,650000,5000,Petrol,1,2019,Hyderabad,Maruti
Hyundai Creta SX+ 1.6 U2 VG...,1160000,45000,Diesel,1,2016,Hyderabad,Hyundai
Maruti Suzuki New Swift DZi...,625000,70000,Diesel,1,2014,Hyderabad,Maruti
Mercedes Benz M Class ML 35...,3395000,80000,Diesel,1,2015,Hyderabad,Mercedes
Maruti Suzuki Swift Old VDi,345000,111000,Diesel,1,2009,Hyderabad,Maruti
Hyundai i10 Magna,280000,85000,Petrol,1,2008,Hyderabad,Hyundai
Hyundai i20 Magna 1.4 CRDI,450000,83000,Diesel,1,2012,Hyderabad,Hyundai
Maruti Suzuki Wagon R Duo L...,270000,80000,LPG,1,2009,Hyderabad,Maruti
Toyota Innova Crysta 2.4 ZX...,2100000,33000,Diesel,1,2018,Hyderabad,Toyota
Volkswagen Vento 1.5 TDI Hi...,685000,104064,Diesel,1,2015,Hyderabad,Volkswagen
Honda Amaze S AT Petrol,650000,62764,Petrol,1,2016,Hyderabad,Honda
Jaguar XF Portfolio Diesel,4400000,36000,Diesel,1,2017,Hyderabad,Jaguar
BMW X3 xDrive 20d Expedition,2675000,65000,Diesel,1,2014,Hyderabad,BMW
Ford EcoSport 1.5 TDCi Tita...,1045000,48000,Diesel,1,2018,Hyderabad,Ford
Mercedes Benz E Class E250 ...,1100000,78000,Diesel,1,2010,Hyderabad,Mercedes
Toyota Innova Crysta 2.4 GX...,1850000,52996,Diesel,1,2018,Hyderabad,Toyota
Toyota Yaris VX CVT,1200000,24000,Petrol,1,2018,Hyderabad,Toyota
Toyota Corolla Altis 1.8G,1150000,65000,Petrol,1,2014,Hyderabad,Toyota
Toyota Corolla Altis 1.8G,385000,76435,Petrol,1,2009,Hyderabad,Toyota
Isuzu MU-X 4x2,900000,22377,Diesel,1,2019,Hyderabad,Isuzu
Mercedes Benz C Class 220 C...,975000,87000,Diesel,1,2011,Hyderabad,Mercedes
Jeep Compass Limited (O) 2....,2245000,11000,Diesel,1,2019,Hyderabad,Jeep
Honda Civic 1.8V AT,385000,90117,Petrol,2,2010,Hyderabad,Honda
Mahindra Bolero Camper,625000,28000,Diesel,1,2018,Hyderabad,Mahindra
Maruti Suzuki Baleno Sigma ...,640000,51000,Petrol,1,2017,Hyderabad,Maruti
Hyundai i20 Asta 1.2 (O),495000,75000,Petrol,1,2013,Hyderabad,Hyundai
Maruti Suzuki Vitara Brezza...,985000,30000,Diesel,1,2017,Hyderabad,Maruti
Volkswagen Vento 1.5 TDI Hi...,720000,79000,Diesel,1,2015,Hyderabad,Volkswagen
Hyundai Verna Fluidic 1.6 V...,680000,50000,Petrol,1,2016,Hyderabad,Hyundai
Mercedes Benz GLC 220 d Pro...,3950000,44433,Diesel,1,2016,Hyderabad,Mercedes
Maruti Suzuki Wagon R Duo L...,250000,67000,LPG,1,2009,Hyderabad,Maruti
Maruti Suzuki Celerio VXi,420000,70000,Petrol,1,2015,Hyderabad,Maruti
Volkswagen Polo Highline1.5...,625000,61757,Diesel,1,2015,Hyderabad,Volkswagen
Hyundai Verna Fluidic 1.6 C...,485000,91000,Diesel,1,2011,Hyderabad,Hyundai
Volkswagen Ameo Comfortline...,645000,21235,Petrol,1,2018,Hyderabad,Volkswagen
Hyundai i20 Active 1.4 U2 C...,685000,78356,Diesel,2,2015,Hyderabad,Hyundai
Hyundai Xcent S 1.1 CRDi Sp...,520000,25463,Diesel,1,2014,Hyderabad,Hyundai
Ford EcoSport 1.5 TDCi Tita...,690000,97000,Diesel,1,2014,Hyderabad,Ford
Toyota Corolla Altis G Diesel,975000,46000,Diesel,1,2015,Hyderabad,Toyota
Maruti Suzuki Baleno Alpha ...,675000,61000,Diesel,1,2015,Hyderabad,Maruti
Honda Amaze 1.2 S i-VTEC,540000,73080,Petrol,1,2015,Hyderabad,Honda
Ford Figo Titanium 1.2 Ti-V...,550000,59000,Petrol,1,2017,Hyderabad,Ford
Hyundai Verna Fluidic 1.6 C...,560000,78999,Diesel,1,2012,Hyderabad,Hyundai
Hyundai i10 Sportz 1.2 Kappa,270000,95971,Petrol,1,2009,Hyderabad,Hyundai
Maruti Suzuki Wagon R 1.0 V...,530000,37792,Petrol,1,2016,Hyderabad,Maruti
Renault Kwid RxT,320000,41393,Petrol,1,2016,Hyderabad,Renault
Maruti Suzuki Eeco 5 STR WI...,320000,41311,CNG,1,2011,Hyderabad,Maruti
Tata Nexon XZA Plus Petrol ...,975000,7000,Petrol,1,2019,Hyderabad,Tata
Mercedes Benz C Class C 250 d,3000000,58581,Diesel,1,2017,Hyderabad,Mercedes
Mercedes Benz M Class ML 250,3300000,85000,Diesel,1,2015,Hyderabad,Mercedes
Ford Figo Titanium 1.2 Ti-VCT,700000,7500,Petrol,1,2019,Hyderabad,Ford
Maruti Suzuki Vitara Brezza...,1095000,18000,Diesel,1,2018,Hyderabad,Maruti
Toyota Innova Crysta 2.4 G ...,1895000,25000,Diesel,1,2019,Hyderabad,Toyota
Mahindra Bolero Power Plus ZLX,650000,92000,Diesel,1,2016,Hyderabad,Mahindra
Volkswagen Vento Highline D...,630000,95019,Diesel,1,2013,Hyderabad,Volkswagen
Datsun GO A,350000,49179,Petrol,1,2015,Hyderabad,Datsun
Maruti Suzuki Ertiga ZDi Pl...,1380000,7445,Diesel,1,2019,Hyderabad,Maruti
Hyundai Grand i10 Asta 1.2 ...,500000,31238,Petrol,1,2014,Hyderabad,Hyundai
Toyota Corolla Altis 1.8G,595000,121000,Diesel,1,2012,Hyderabad,Toyota
Toyota Innova Crysta 2.4 ZX...,1950000,64000,Diesel,1,2017,Hyderabad,Toyota
Maruti Suzuki Alto K10 VXi,315000,61276,Petrol,1,2015,Hyderabad,Maruti
Maruti Suzuki Ritz Vdi BS IV,299000,57398,Diesel,1,2009,Hyderabad,Maruti
Renault Duster RxL Diesel 85PS,570000,85717,Diesel,2,2014,Hyderabad,Renault
Maruti Suzuki Swift VDi,449000,68587,Diesel,2,2012,Hyderabad,Maruti
Maruti Suzuki Baleno Alpha ...,780000,82641,Diesel,1,2017,Hyderabad,Maruti
Hyundai Creta SX 1.6 CRDI VGT,990000,68259,Diesel,2,2016,Hyderabad,Hyundai
Hyundai Santro Xing GLS,249000,56710,Petrol,1,2008,Hyderabad,Hyundai
Volvo S60 Kinetic D3,1200000,79000,Diesel,1,2012,Hyderabad,Volvo
Volkswagen Vento 1.6L MT Hi...,770000,65000,Diesel,1,2015,Hyderabad,Volkswagen
Maruti Suzuki Baleno Alpha 1.3,800000,62183,Diesel,1,2018,Hyderabad,Maruti
BMW 5 Series 525d Sedan,1495000,65000,Diesel,1,2010,Hyderabad,BMW
Hyundai Creta SX Plus 1.6 A...,1325000,79326,Diesel,1,2017,Hyderabad,Hyundai
Maruti Suzuki Swift VDi,485000,83000,Diesel,1,2013,Hyderabad,Maruti
Ford EcoSport 1.5 TDCi Tita...,785000,76417,Diesel,1,2016,Hyderabad,Ford
Hyundai Elite i20 1.2 Kappa...,725000,17751,Petrol,1,2017,Hyderabad,Hyundai
Hyundai Santro Xing GLS LPG,299000,63700,LPG,1,2011,Hyderabad,Hyundai
Maruti Suzuki Baleno Alpha ...,835000,33000,Petrol,1,2018,Hyderabad,Maruti
Mahindra Scorpio VLX BS IV,550000,110000,Diesel,1,2011,Hyderabad,Mahindra
Hyundai Creta SX Plus 1.6 A...,1350000,74837,Diesel,1,2017,Hyderabad,Hyundai
Toyota Innova Crysta 2.4 VX...,1950000,47000,Diesel,1,2018,Hyderabad,Toyota
Maruti Suzuki Wagon R 1.0 M...,380000,28149,Petrol,1,2013,Hyderabad,Maruti
Maruti Suzuki Vitara Brezza...,800000,54566,Diesel,1,2016,Hyderabad,Maruti
Hyundai i10 Magna,300000,48013,Petrol,2,2010,Hyderabad,Hyundai
Hyundai i10 Magna 1.1 LPG,360000,72158,LPG,1,2012,Hyderabad,Hyundai
Maruti Suzuki Vitara Brezza...,830000,75000,Diesel,1,2016,Hyderabad,Maruti
Hyundai Xcent 2nd Gen 1.1 U...,450000,71719,Diesel,1,2016,Hyderabad,Hyundai
Maruti Suzuki Vitara Brezza...,899000,46063,Diesel,2,2018,Hyderabad,Maruti
Maruti Suzuki Swift VXI (O),599000,45680,Petrol,1,2016,Hyderabad,Maruti
Hyundai i20 Sportz 1.4 CRDI,445000,65120,Diesel,2,2013,Hyderabad,Hyundai
Maruti Suzuki Swift Old LDi,280000,87522,Diesel,2,2008,Hyderabad,Maruti
Maruti Suzuki Swift VDi ABS,599000,60331,Diesel,2,2015,Hyderabad,Maruti
Hyundai Santro Xing XG eRLX...,185000,64502,Petrol,2,2006,Hyderabad,Hyundai
Maruti Suzuki 800 DX,55000,45151,Petrol,2,,Hyderabad,Maruti
Toyota Innova Crysta Tourin...,2199999,22500,Diesel,2,2017,Hyderabad,Toyota
Skoda Octavia Style Plus 2....,1325000,89000,Diesel,1,2015,Hyderabad,Skoda
Volkswagen Ameo Highline1.2...,650000,32000,Petrol,1,2017,Hyderabad,Volkswagen
Toyota Innova Crysta 2.7 ZX...,2500000,8900,Petrol,1,2018,Hyderabad,Toyota
Maruti Suzuki Swift LDi,625000,52000,Diesel,1,2017,Hyderabad,Maruti
Honda Amaze 1.5 VX i-DTEC,550000,59877,Diesel,1,2014,Hyderabad,Honda
Renault Kwid 1.0 RXT Opt,450000,15000,Petrol,1,2018,Hyderabad,Renault
Hyundai Elite i20 1.2 Kappa...,790000,28000,Petrol,1,2019,Hyderabad,Hyundai
Maruti Suzuki Swift Old VDi,290000,91287,Diesel,2,2009,Hyderabad,Maruti
Maruti Suzuki Ignis Delta 1...,575000,22532,Petrol,1,2017,Hyderabad,Maruti
Ford EcoSport 1.5 TDCi Ambi...,549000,77995,Diesel,2,2014,Hyderabad,Ford
Maruti Suzuki Baleno Delta ...,585000,49845,Petrol,1,2016,Hyderabad,Maruti
Honda Jazz VX 1.5L i-DTEC,670000,49000,Diesel,1,2017,Hyderabad,Honda
Skoda Rapid Ambition 1.5 TD...,875000,47800,Diesel,1,2018,Hyderabad,Skoda
BMW 7 Series 740i Sedan,945000,99900,Petrol,1,2006,Hyderabad,BMW
Mercedes Benz E Class E200 ...,1425000,55000,Petrol,1,2011,Hyderabad,Mercedes
Mercedes Benz C Class 220 C...,2350000,90000,Diesel,1,2016,Hyderabad,Mercedes
Maruti Suzuki Swift VDi ABS...,330000,185000,Diesel,1,2010,Hyderabad,Maruti
Ford EcoSport 1.5 TDCi Tita...,620000,102719,Diesel,1,2014,Hyderabad,Ford
Honda Jazz S 1.2L i-VTEC CVT,625000,33066,Petrol,1,2015,Hyderabad,Honda
Maruti Suzuki Vitara Brezza...,875000,72000,Diesel,1,2016,Hyderabad,Maruti
Maruti Suzuki Wagon R LXI,295000,73000,Petrol,1,2009,Hyderabad,Maruti
Maruti Suzuki Wagon R LXI,285000,80000,Petrol,1,2009,Hyderabad,Maruti
Hyundai i10 Sportz 1.2,310000,72000,Petrol,1,2011,Hyderabad,Hyundai
Maruti Suzuki Zen Estilo VXi,185000,74000,Petrol,1,2007,Hyderabad,Maruti
Maruti Suzuki Alto 800 VXI,360000,51000,Petrol,1,2017,Hyderabad,Maruti
Maruti Suzuki Swift ZDi,570000,65123,Diesel,1,2015,Hyderabad,Maruti
Mercedes Benz S Class 500L,6500000,41000,Petrol,1,2014,Hyderabad,Mercedes
Hyundai Santro Xing GLS LPG,245000,65856,LPG,1,2008,Hyderabad,Hyundai
Maruti Suzuki Baleno Delta ...,680000,32541,Petrol,1,2016,Hyderabad,Maruti
Mercedes Benz E Class 280 C...,800000,77387,Diesel,1,2007,Hyderabad,Mercedes
Nissan Sunny XL CVT,575000,43892,Petrol,1,2015,Hyderabad,Nissan
Maruti Suzuki SX4 VXi,280000,70161,Petrol,1,2007,Hyderabad,Maruti
Ford EcoSport 1.5 TDCi Tita...,900000,53555,Diesel,1,2017,Hyderabad,Ford
Jeep Wrangler Unlimited 4x4...,5500000,2700,Petrol,1,2017,Hyderabad,Jeep
Bentley Continental Flying ...,23500000,3246,Petrol,1,2017,Hyderabad,Bentley
Mini Cooper D 5 Door,3200000,36133,Diesel,1,2018,Hyderabad,Mini
Mercedes Benz GLE Coupe 450...,7200000,13652,Petrol,1,2017,Hyderabad,Mercedes
Toyota Innova 2.5 G (Diesel...,425000,84500,Diesel,1,2007,Hyderabad,Toyota
Hyundai Creta SX 1.6 CRDi,1285000,41000,Diesel,1,2018,Hyderabad,Hyundai
Hyundai Creta E+ 1.6 Petrol,1045000,47000,Petrol,1,2018,Hyderabad,Hyundai
Mini Countryman Cooper S,1625000,60000,Petrol,1,2013,Hyderabad,Mini
Volkswagen Vento 1.2L TSI H...,1111111,10000,Petrol,1,2017,Hyderabad,Volkswagen
Hyundai Creta SX 1.6 CRDi,1375000,50000,Diesel,1,2019,Hyderabad,Hyundai
Honda CR V 2.4 AT,1345000,99001,Petrol,1,2014,Hyderabad,Honda
Renault Pulse RxL Diesel,290000,65000,Diesel,1,2013,Hyderabad,Renault
Toyota Innova Crysta 2.8 ZX...,1700000,175000,Diesel,1,2016,Hyderabad,Toyota
Honda Jazz VX CVT Petrol,940000,12452,Petrol,1,2019,Hyderabad,Honda
Maruti Suzuki Baleno Zeta A...,775000,21321,Petrol,1,2018,Hyderabad,Maruti
Toyota Fortuner 3.0 MT,1175000,195321,Diesel,2,2011,Hyderabad,Toyota
Honda Brio VX AT,560000,28321,Petrol,1,2014,Hyderabad,Honda
Audi A6 3.0 TDI quattro Pre...,1650000,88402,Diesel,1,2011,Hyderabad,Audi
Hyundai Creta SX+ 1.6 CRDI VGT,1275000,55321,Diesel,1,2016,Hyderabad,Hyundai
Toyota Fortuner 3.0 4X4 MT,1475000,134321,Diesel,1,2012,Hyderabad,Toyota
Hyundai i20 Asta 1.4 CRDI,475000,78321,Diesel,1,2012,Hyderabad,Hyundai
Toyota Fortuner 4x2 AT,1750000,108321,Diesel,1,2013,Hyderabad,Toyota
Toyota Innova Crysta 2.4 VX...,1925000,65350,Diesel,1,2018,Hyderabad,Toyota
Skoda Superb 2.0 TDI CR AT ...,720000,67321,Diesel,1,2010,Hyderabad,Skoda
Hyundai Grand i10 Magna U2 ...,465000,89317,Diesel,1,2015,Hyderabad,Hyundai
Jaguar XF 2.2 Diesel,2600000,64000,Diesel,1,2016,Hyderabad,Jaguar
Mini Cooper D 3 Door,2500000,41000,Diesel,1,2016,Hyderabad,Mini
Maruti Suzuki Alto 800 LXI,280000,50274,Petrol,1,2014,Hyderabad,Maruti
Hyundai i10 Sportz 1.2 AT K...,445000,24695,Petrol,1,2013,Hyderabad,Hyundai
Mercedes Benz S Class S600 ...,15000000,39230,Petrol,2,2017,Hyderabad,Mercedes
Ford Mustang GT Fastback 5....,6999000,2657,Petrol,1,2017,Hyderabad,Ford
Bentley Continental GT Coupe,6500000,7208,Petrol,2,2008,Hyderabad,Bentley
Honda CR V 2.0 2WD AT,1500000,49900,Petrol,1,2015,Hyderabad,Honda
Maruti Suzuki Ciaz VDi+,675000,69120,Diesel,1,2015,Hyderabad,Maruti
Toyota Fortuner 2.8 4x2 AT,2850000,155321,Diesel,1,2017,Hyderabad,Toyota
Maruti Suzuki Ciaz VXi (O),775000,38731,Petrol,1,2017,Hyderabad,Maruti
Ford EcoSport 1.5 TDCi Tren...,650000,59000,Diesel,1,2016,Hyderabad,Ford
Renault Scala RxZ Diesel,485000,105000,Diesel,1,2012,Hyderabad,Renault
Honda Amaze 1.5 E i-DTEC,420000,100000,Diesel,1,2013,Hyderabad,Honda
Volkswagen Polo Highline1.5...,630000,72000,Diesel,1,2015,Hyderabad,Volkswagen
Tata Tiago Revotron XZA,680000,6589,Petrol,1,2019,Hyderabad,Tata
Nissan Micra XV CVT Petrol,540000,55000,Petrol,1,2016,Hyderabad,Nissan
Chevrolet Tavera LS B3 7 Se...,325000,118000,Diesel,1,2007,Hyderabad,Chevrolet
Chevrolet Beat LS Petrol,330000,46378,Petrol,1,2012,Hyderabad,Chevrolet
Mahindra Bolero SLE BS4,690000,60000,Diesel,1,2016,Hyderabad,Mahindra
Skoda Laura L&K 2.0 TDI AT,570000,78000,Diesel,1,2011,Hyderabad,Skoda
Nissan Terrano XL Plus Diesel,599000,81468,Diesel,1,2015,Hyderabad,Nissan
Mahindra XUV500 W10 FWD AT,1395000,61034,Diesel,1,2016,Hyderabad,Mahindra
Jaguar XJ L 3.0 V6 Portfolio,4300000,25500,Diesel,1,2014,Hyderabad,Jaguar
Land Rover Range Rover Spor...,3500000,62386,Diesel,2,2013,Hyderabad,Land
Mercedes Benz S Class S 350D,4700000,64001,Diesel,1,2015,Hyderabad,Mercedes
Land Rover Range Rover Spor...,8000000,73388,Diesel,1,2016,Hyderabad,Land
Mercedes Benz M Class ML 35...,1500000,78000,Diesel,1,2011,Hyderabad,Mercedes
Maruti Suzuki Gypsy King ST...,400000,65000,Petrol,1,2007,Hyderabad,Maruti
Maruti Suzuki Swift VXi,575000,75000,Petrol,1,2016,Hyderabad,Maruti
Renault Kwid 1.0 RXL AMT,415000,25000,Petrol,1,2018,Hyderabad,Renault
Hyundai i20 Sportz 1.4 CRDI,490000,85000,Diesel,1,2013,Hyderabad,Hyundai
Chevrolet Beat 1.0 LT TCDi ...,275000,65000,Diesel,1,2012,Hyderabad,Chevrolet
Volkswagen Polo Comfortline...,525000,62000,Diesel,1,2014,Hyderabad,Volkswagen
Audi A4 35 TDI Premium,2100000,59000,Diesel,1,2015,Hyderabad,Audi
Audi Q7 45 TDI Premium Plus,5600000,47000,Diesel,1,2017,Hyderabad,Audi
Maruti Suzuki Swift ZDi AMT,825000,28735,Diesel,1,2018,Hyderabad,Maruti
Maruti Suzuki Swift ZXi,635000,69601,Petrol,1,2016,Hyderabad,Maruti
Volkswagen Polo 1.5 TDI,585000,93738,Diesel,1,2015,Hyderabad,Volkswagen
Chevrolet Enjoy 1.3 TCDi LTZ-7,525000,83574,Diesel,1,2014,Hyderabad,Chevrolet
Maruti Suzuki Omni E MPI ST...,325000,16133,Petrol,1,2017,Hyderabad,Maruti
Maruti Suzuki Swift VDi ABS,499000,83249,Diesel,2,2013,Hyderabad,Maruti
Tata Sumo Gold CX PS BS IV,365000,164000,Diesel,1,2015,Hyderabad,Tata
Renault Kwid 1.0 RXT AMT,495000,8977,Petrol,1,2018,Hyderabad,Renault
Mahindra Bolero SLX BS4,385000,122617,Diesel,1,2009,Hyderabad,Mahindra
Hyundai Xcent E Plus CRDi,565000,73000,Diesel,1,2017,Hyderabad,Hyundai
Maruti Suzuki Swift VDi,730000,34000,Diesel,1,2018,Hyderabad,Maruti
Maruti Suzuki Vitara Brezza...,850000,67000,Diesel,1,2017,Hyderabad,Maruti
Maruti Suzuki Swift Dzire ZDI,680000,81000,Diesel,1,2015,Hyderabad,Maruti
Hyundai Getz GVS,275000,63000,Diesel,1,2008,Hyderabad,Hyundai
Mahindra Xylo E4 BS IV,450000,61000,Diesel,1,2010,Hyderabad,Mahindra
Land Rover Range Rover 4.4 ...,12000000,65000,Diesel,1,2014,Hyderabad,Land
Bentley Arnage R,5500000,10000,Petrol,1,2008,Hyderabad,Bentley
Porsche Cayenne S Diesel,5800000,56000,Diesel,1,2014,Hyderabad,Porsche
Jaguar XF 5.0 V8 Portfolio,2200000,30000,Petrol,1,2010,Hyderabad,Jaguar
Audi A6 3.0 TDI quattro,900000,90000,Diesel,1,2007,Hyderabad,Audi
Audi A6 3.0 TDI quattro Pre...,2300000,50000,Diesel,1,2011,Hyderabad,Audi
Audi A4 2.0 TDI Multitronic...,1800000,52000,Diesel,1,2013,Hyderabad,Audi
Audi A4 2.0 TDI Multitronic...,1500000,51000,Diesel,1,2011,Hyderabad,Audi
Audi A4 2.0 TDI (143bhp),1500000,65000,Diesel,1,2011,Hyderabad,Audi
Audi Q7 3.0 TDI quattro Pre...,2800000,76000,Diesel,1,2012,Hyderabad,Audi
BMW X6 xDrive 40d M Sport,5500000,71000,Diesel,1,2015,Hyderabad,BMW
BMW X5 SAV 4.4i,1200000,131000,Diesel,1,2006,Hyderabad,BMW
BMW 3 Series 320d Luxury Li...,2900000,16000,Diesel,1,2016,Hyderabad,BMW
BMW 5 Series 530D Highline AT,1600000,64000,Diesel,1,2009,Hyderabad,BMW
BMW 5 Series 520d Sedan Mod...,3400000,44000,Diesel,1,2016,Hyderabad,BMW
BMW 5 Series 525d Sedan,1000000,122000,Diesel,1,2007,Hyderabad,BMW
BMW 5 Series 520d Sedan,1400000,87000,Diesel,1,2009,Hyderabad,BMW
BMW 3 Series 320d Sedan,1200000,73000,Diesel,1,2012,Hyderabad,BMW
Mercedes Benz M Class ML 35...,2900000,83000,Diesel,1,2012,Hyderabad,Mercedes
Mercedes Benz E Class E250 ...,2450000,45000,Diesel,1,2013,Hyderabad,Mercedes
Mercedes Benz E Class E250 ...,1500000,92000,Diesel,1,2010,Hyderabad,Mercedes
Mercedes Benz E Class E220 ...,1300000,82000,Diesel,1,2009,Hyderabad,Mercedes
Mercedes Benz C Class 220 C...,1000000,198000,Diesel,1,2011,Hyderabad,Mercedes
Mercedes Benz C Class 220 C...,1500000,85000,Diesel,1,2011,Hyderabad,Mercedes
Land Rover Range Rover Evoq...,2900000,42000,Diesel,1,2013,Hyderabad,Land
Land Rover Discovery Sport HSE,4950000,13000,Diesel,1,2018,Hyderabad,Land
Mercedes Benz CLS 350 CDI,2000000,29000,Diesel,1,2010,Hyderabad,Mercedes
Land Rover Freelander 2 SE,1500000,106000,Diesel,1,2010,Hyderabad,Land
Land Rover Freelander 2 SE,1500000,122000,Diesel,1,2011,Hyderabad,Land
Volvo S90 Momentum D4,4600000,13000,Diesel,1,2018,Hyderabad,Volvo
Skoda Laura Old Elegance 1....,400000,133000,Diesel,1,2007,Hyderabad,Skoda
Hyundai Creta SX 1.6 CRDI VGT,1100000,116389,Diesel,1,2016,Hyderabad,Hyundai
Mercedes Benz E Class E220 ...,1500000,126152,Diesel,1,2013,Hyderabad,Mercedes
Mercedes Benz M Class ML 35...,3900000,59967,Diesel,1,2014,Hyderabad,Mercedes
Honda CR V 2.4L 4WD AVN,1450000,104982,Petrol,1,2013,Hyderabad,Honda
Jeep Compass Sport 2.0 Diesel,1400000,4840,Diesel,1,2018,Hyderabad,Jeep
Toyota Land Cruiser Prado VX L,4500000,170000,Diesel,1,2013,Hyderabad,Toyota
Maruti Suzuki New Swift DZi...,670000,81000,Diesel,1,2015,Hyderabad,Maruti
Renault Duster RxL Diesel 85PS,495000,120000,Diesel,1,2012,Hyderabad,Renault
Hyundai i10 Magna,325000,53000,Petrol,1,2010,Hyderabad,Hyundai
Hyundai i10 Magna 1.2 Kappa2,340000,68000,Petrol,1,2011,Hyderabad,Hyundai
BMW 7 Series 730Ld M Sport,6800000,23000,Diesel,1,2016,Hyderabad,BMW
Mercedes Benz E Class E 220 d,7150000,1502,Diesel,,2018,Hyderabad,Mercedes
Toyota Innova Crysta 2.4 VX...,1750000,97000,Diesel,1,2017,Hyderabad,Toyota
Audi A4 2.0 TDI Multitronic...,1850000,61182,Diesel,1,2013,Hyderabad,Audi
Jaguar XJ L 3.0 Petrol,2800000,53000,Petrol,1,2010,Hyderabad,Jaguar
Maruti Suzuki Swift VDi,540000,66431,Diesel,1,2014,Hyderabad,Maruti
Hyundai Verna CRDI VGT SX A...,350000,104557,Diesel,1,2009,Hyderabad,Hyundai
Maruti Suzuki Swift VDi,600000,65000,Diesel,1,2016,Hyderabad,Maruti
Maruti Suzuki SX4 ZXi,280000,53888,Petrol,1,2007,Hyderabad,Maruti
Audi A4 2.0 TDI Premium+,1950000,73000,Diesel,1,2015,Hyderabad,Audi
Hyundai Creta SX 1.6 CRDi (O),1425000,46000,Diesel,1,2018,Hyderabad,Hyundai
Mahindra Bolero Power Plus ZLX,620000,90000,Diesel,1,2016,Hyderabad,Mahindra
Hyundai i10 Sportz 1.2,340000,70000,Petrol,1,2010,Hyderabad,Hyundai
Maruti Suzuki Swift DZire T...,675000,75000,Diesel,1,2018,Hyderabad,Maruti
Hyundai i20 Asta 1.4 CRDI,540000,79000,Diesel,1,2013,Hyderabad,Hyundai
Ford Endeavour Titanium 3.2...,2200000,74000,Diesel,1,2016,Hyderabad,Ford
Chevrolet Beat LT Diesel,285000,61185,Diesel,1,2012,Hyderabad,Chevrolet
Mahindra Scorpio S10,1070000,84000,Diesel,1,2015,Hyderabad,Mahindra
Maruti Suzuki S Cross Zeta ...,785000,112218,Diesel,1,2016,Hyderabad,Maruti
Toyota Innova 2.5 G (Diesel...,595000,200000,Diesel,1,2007,Hyderabad,Toyota
Chevrolet Optra Magnum LT 2...,350000,59334,Diesel,1,2012,Hyderabad,Chevrolet
Mahindra Bolero Power Plus LX,760000,74000,Diesel,1,2017,Hyderabad,Mahindra
Maruti Suzuki Ritz Vdi BS IV,460000,75379,Diesel,1,2014,Hyderabad,Maruti
Maruti Suzuki Alto LXI BS IV,210000,72652,Petrol,1,2010,Hyderabad,Maruti
Toyota Etios GD,510000,104549,Diesel,1,2014,Hyderabad,Toyota
Maruti Suzuki Swift VDi,620000,31000,Diesel,1,2015,Hyderabad,Maruti
BMW 5 Series 520d Sedan,2200000,35142,Diesel,1,2013,Hyderabad,BMW
Toyota Corolla Altis D 4D J(S),650000,91936,Diesel,1,2013,Hyderabad,Toyota
Toyota Innova 2.5 V 7 STR,1150000,84000,Diesel,1,2012,Hyderabad,Toyota
Maruti Suzuki Ertiga ZDI Pl...,919000,37400,Diesel,2,2016,Hyderabad,Maruti
Maruti Suzuki Swift VDi BS IV,330000,133000,Diesel,1,2010,Hyderabad,Maruti
Maruti Suzuki Alto 800 LXI CNG,260000,69000,CNG,1,2012,Hyderabad,Maruti
Jeep Compass Limited (O) 2....,1850000,33000,Diesel,1,2018,Hyderabad,Jeep
Maruti Suzuki Ciaz VDi+,650000,45524,Diesel,1,2014,Hyderabad,Maruti
Toyota Etios V,690000,33000,Petrol,1,2017,Hyderabad,Toyota
Toyota Corolla Altis D 4D G,490000,154000,Diesel,1,2010,Hyderabad,Toyota
Mercedes Benz E Class E250 ...,1250000,85000,Petrol,1,2010,Hyderabad,Mercedes
Audi Q3 2.0 TDI Quattro Pre...,1675000,93000,Diesel,1,2012,Hyderabad,Audi
Ford Figo Titanium 1.5 Ti-V...,600000,19000,Petrol,1,2016,Hyderabad,Ford
Maruti Suzuki Eeco 7 STR,395000,21064,Petrol,1,2016,Hyderabad,Maruti
Maruti Suzuki Wagon R 1.0 M...,295000,75065,Petrol,1,2010,Hyderabad,Maruti
Mercedes Benz E Class E250 ...,2900000,48759,Diesel,1,2016,Hyderabad,Mercedes
Volkswagen Polo Highline1.2...,525000,30000,Diesel,1,2013,Hyderabad,Volkswagen
Mitsubishi Pajero Sport 2.5...,975000,120000,Diesel,1,2014,Hyderabad,Mitsubishi
Honda City VX(O) 1.5L i-VTE...,1025000,28000,Petrol,1,2018,Hyderabad,Honda
Maruti Suzuki Alto LXI,215000,66000,Petrol,1,2011,Hyderabad,Maruti
Maruti Suzuki New Swift DZi...,725000,90321,Diesel,1,2016,Hyderabad,Maruti
Maruti Suzuki Swift VDi,570000,70000,Diesel,1,2014,Hyderabad,Maruti
Maruti Suzuki Swift Dzire VDi,690000,97000,Diesel,1,2015,Hyderabad,Maruti
Hyundai Grand i10 Magna 1.1...,540000,65000,Diesel,1,2016,Hyderabad,Hyundai
Maruti Suzuki Swift Dzire VDi,550000,99000,Diesel,1,2013,Hyderabad,Maruti
Toyota Innova 2.5 V 7 STR,635000,230000,Diesel,1,2008,Hyderabad,Toyota
Hyundai i10 Era iRDE2,360000,58000,Petrol,1,2012,Hyderabad,Hyundai
Hyundai i10 Magna,310000,67000,Petrol,1,2010,Hyderabad,Hyundai
Hyundai i10 Magna,290000,68000,Petrol,1,2009,Hyderabad,Hyundai
Maruti Suzuki Swift VDi ABS,520000,75000,Diesel,1,2014,Hyderabad,Maruti
Tata Nexon XT Diesel,830000,43301,Diesel,1,2017,Hyderabad,Tata
Renault Duster RxL Diesel 85PS,450000,125548,Diesel,1,2012,Hyderabad,Renault
Maruti Suzuki Omni 8 STR BS IV,260000,16049,Petrol,1,2014,Hyderabad,Maruti
Hyundai Santro GS zipDrive ...,105000,82772,Petrol,1,2001,Hyderabad,Hyundai
Mercedes Benz M Class ML 35...,3500000,59930,Diesel,1,2015,Hyderabad,Mercedes
Volkswagen Vento 1.5 TDI Hi...,675000,72000,Diesel,1,2015,Hyderabad,Volkswagen
Audi A6 35 TDI Matrix,3200000,52000,Diesel,1,2016,Hyderabad,Audi
BMW 3 Series 320d Highline ...,750000,73000,Diesel,2,2008,Hyderabad,BMW
Maruti Suzuki Wagon R 1.0 VXi,420000,41000,Petrol,1,2015,Hyderabad,Maruti
Mercedes Benz E Class E250 ...,2450000,34000,Diesel,1,2014,Hyderabad,Mercedes
Maruti Suzuki Vitara Brezza...,1000000,30000,Diesel,1,2017,Hyderabad,Maruti
Maruti Suzuki Vitara Brezza...,1000000,16000,Diesel,1,2018,Hyderabad,Maruti
Tata Manza VX Quadrajet90 B...,395000,55000,Diesel,1,2014,Hyderabad,Tata
Maruti Suzuki New Swift DZi...,725000,36000,Diesel,1,2016,Hyderabad,Maruti
Honda Brio VX MT,450000,26000,Petrol,1,2014,Hyderabad,Honda
Renault Duster RxL Diesel 1...,525000,117000,Diesel,1,2012,Hyderabad,Renault
Mercedes Benz SLK Class SLK...,3800000,16000,Petrol,1,2013,Hyderabad,Mercedes
Skoda Rapid 1.6 MPI Style P...,699000,31800,Petrol,1,2016,Hyderabad,Skoda
Mahindra Scorpio SLX 2.6 Tu...,330000,87000,Diesel,1,2007,Hyderabad,Mahindra
Maruti Suzuki New Swift DZi...,690000,36000,Diesel,1,2016,Hyderabad,Maruti
Honda Amaze SX MT Diesel,650000,78321,Diesel,1,2017,Hyderabad,Honda
Maruti Suzuki Ciaz VXi,675000,65321,Petrol,1,2016,Hyderabad,Maruti
BMW 3 Series 320d Highline ...,850000,64500,Diesel,1,2009,Hyderabad,BMW
Maruti Suzuki Ertiga ZDI BS...,730000,108000,Diesel,1,2014,Hyderabad,Maruti
Honda City ZX GXi,375000,92000,Petrol,1,2008,Hyderabad,Honda
Mercedes Benz CLA Class 200...,1900000,28000,Diesel,1,2014,Hyderabad,Mercedes
Maruti Suzuki Celerio VXi A...,425000,31999,Petrol,1,2015,Hyderabad,Maruti
Maruti Suzuki Swift Dzire ZXi,375000,29448,Petrol,1,2008,Hyderabad,Maruti
Maruti Suzuki Swift Dzire VDi,670000,93000,Diesel,1,2016,Hyderabad,Maruti
Toyota Etios GD,575000,71445,Diesel,1,2015,Hyderabad,Toyota
Maruti Suzuki Alto K10 VXi,365000,63343,Petrol,1,2016,Hyderabad,Maruti
Skoda Octavia Elegance 1.9 TDI,370000,190000,Diesel,2,2007,Hyderabad,Skoda
Nissan Micra XV Diesel,330000,130000,Diesel,1,2011,Hyderabad,Nissan
Maruti Suzuki Swift VXI (O),575000,45692,Petrol,1,2016,Hyderabad,Maruti
Mahindra Scorpio S10,1150000,90000,Diesel,1,2016,Hyderabad,Mahindra
Toyota Innova Crysta 2.4 G ...,1475000,160000,Diesel,1,2016,Hyderabad,Toyota
Toyota Innova 2.5 ZX (Diese...,1325000,70821,Diesel,2,2014,Hyderabad,Toyota
Honda City ZX Diesel,1380000,10642,Diesel,1,2018,Hyderabad,Honda
Honda Jazz VX 1.2L i-VTEC,815000,12786,Petrol,1,2019,Hyderabad,Honda
Maruti Suzuki Baleno Zeta D...,825000,33000,Diesel,1,2018,Hyderabad,Maruti
Mahindra Alturas G4 4WD AT,2950000,11000,Diesel,1,2019,Hyderabad,Mahindra
Skoda Superb L&K TDI AT,2200000,49000,Diesel,1,2017,Hyderabad,Skoda
Maruti Suzuki Swift Dzire VDi,380000,54457,Diesel,1,2008,Hyderabad,Maruti
Hyundai Grand i10 4 Speed A...,580000,23421,Petrol,1,2015,Hyderabad,Hyundai
Toyota Land Cruiser Prado TX,750000,181048,Diesel,1,,Hyderabad,Toyota
Tata Nano Twist XT,195000,39314,Petrol,1,2014,Hyderabad,Tata
Toyota Innova 2.5 GX 7 STR ...,1300000,96000,Diesel,1,2016,Hyderabad,Toyota
Mercedes Benz E Class E 250...,2575000,45000,Diesel,1,2015,Hyderabad,Mercedes
Mercedes Benz M Class ML 320,1800000,127000,Petrol,2,2008,Hyderabad,Mercedes
Ford Mustang GT Fastback 5....,5000000,20000,Petrol,1,2016,Hyderabad,Ford
Maruti Suzuki New Swift DZi...,785000,89642,Diesel,1,2017,Hyderabad,Maruti
Hyundai i20 Active 1.4 U2 C...,685000,71000,Diesel,1,2015,Hyderabad,Hyundai
Mercedes Benz GLE 350 d,5900000,9000,Diesel,1,2017,Hyderabad,Mercedes
Hyundai i10 Era,275000,66839,Petrol,1,2009,Hyderabad,Hyundai
Mahindra Scorpio S10 4WD,1025000,150000,Diesel,1,2015,Hyderabad,Mahindra
Hyundai Elite i20 Asta 1.4 ...,875000,53212,Diesel,1,2018,Hyderabad,Hyundai
Maruti Suzuki Vitara Brezza...,1080000,42078,Diesel,1,2019,Hyderabad,Maruti
Mahindra Scorpio SLX 2.6 Tu...,315000,166875,Diesel,1,2007,Hyderabad,Mahindra
Maruti Suzuki Alto LXI,250000,84058,Petrol,1,2012,Hyderabad,Maruti
Mercedes Benz E Class E 220...,6450000,3100,Diesel,,2019,Hyderabad,Mercedes
Jaguar F Pace First Edition,5299999,6755,Petrol,1,2018,Hyderabad,Jaguar
Volkswagen Polo Highline1.2...,645000,26000,Petrol,1,2016,Hyderabad,Volkswagen
Mercedes Benz GLC 220 d,3900000,43000,Diesel,1,2016,Hyderabad,Mercedes
Mercedes Benz E Class E 250...,2630000,44255,Diesel,1,2016,Hyderabad,Mercedes
Mercedes Benz E Class E 220...,6500000,4500,Diesel,,2019,Hyderabad,Mercedes
Maruti Suzuki Alto LXI,220000,65343,Petrol,1,2010,Hyderabad,Maruti
BMW X1 sDrive20d,1150000,99530,Diesel,1,2012,Hyderabad,BMW
Hyundai Eon Era +,285000,47000,Petrol,1,2012,Hyderabad,Hyundai
Hyundai Creta SX+ 1.6 U2 VG...,1320000,42726,Diesel,1,2016,Hyderabad,Hyundai
Maruti Suzuki Swift LDi,475000,57138,Diesel,1,2013,Hyderabad,Maruti
Maruti Suzuki Celerio VXi,425000,38000,Petrol,1,2017,Hyderabad,Maruti
Skoda Rapid 1.5 TDI CR Ambi...,575000,63000,Diesel,1,2014,Hyderabad,Skoda
Toyota Innova 2.5 G (Diesel...,925000,121144,Diesel,1,2013,Hyderabad,Toyota
Maruti Suzuki Alto LXI BS IV,250000,108419,Petrol,1,2012,Hyderabad,Maruti
Maruti Suzuki Swift VDi,460000,85446,Diesel,1,2012,Hyderabad,Maruti
Volkswagen Vento 1.6L MT Hi...,625000,81000,Diesel,1,2014,Hyderabad,Volkswagen
Volvo XC60 Kinetic D4,1425000,123000,Diesel,1,2012,Hyderabad,Volvo
Volkswagen Vento 1.5 TDI Hi...,725000,79000,Diesel,1,2015,Hyderabad,Volkswagen
Chevrolet Cruze 2.0 LTZ MT BS4,475000,62000,Diesel,1,2012,Hyderabad,Chevrolet
Audi S4 3.0 TFSI quattro Te...,2650000,65000,Petrol,1,2013,Hyderabad,Audi
Maruti Suzuki Vitara Brezza...,925000,58000,Diesel,1,2017,Hyderabad,Maruti
Tata Sumo Gold CX PS BS III,345000,162000,Diesel,1,2015,Hyderabad,Tata
Hyundai Verna Fluidic 1.6 C...,580000,78000,Diesel,1,2012,Hyderabad,Hyundai
Toyota Innova 2.5 G (Diesel...,920000,170000,Diesel,1,2012,Hyderabad,Toyota
BMW 5 Series 525d Touring,950000,100094,Diesel,1,2005,Hyderabad,BMW
Tata Bolt XE Diesel Quadraj...,380000,76307,Diesel,1,2017,Hyderabad,Tata
Maruti Suzuki SX4 MC ZDI,390000,148564,Diesel,1,2011,Hyderabad,Maruti
Maruti Suzuki Swift Dzire VDi,480000,99366,Diesel,1,2012,Hyderabad,Maruti
Honda Amaze S MT Diesel,520000,88235,Diesel,1,2014,Hyderabad,Honda
Hyundai Verna CRDI VGT 1.5,330000,72000,Diesel,1,2010,Hyderabad,Hyundai
Mercedes Benz M Class ML 250,3650000,40000,Diesel,1,2014,Hyderabad,Mercedes
Jaguar XJ L 3.0 V6 Portfolio,5500000,14000,Diesel,1,2014,Hyderabad,Jaguar
BMW 6 Series GT 630d Luxury...,6400000,12000,Diesel,1,2018,Hyderabad,BMW
Mercedes Benz C Class 220 C...,2950000,30000,Diesel,1,2016,Hyderabad,Mercedes
Mercedes Benz C Class 220 C...,2900000,18000,Diesel,1,2015,Hyderabad,Mercedes
Porsche Cayenne Platinum Ed...,6150000,28000,Diesel,1,2015,Hyderabad,Porsche
Audi A4 35 TDI Premium Sunroof,2450000,30000,Diesel,1,2016,Hyderabad,Audi
Maruti Suzuki Omni 8 STR BS IV,310000,49504,Petrol,1,2016,Hyderabad,Maruti
Maruti Suzuki Alto K10 VXi,265000,45184,Petrol,1,2012,Hyderabad,Maruti
Hyundai Grand i10 Sportz (O...,625000,44700,Petrol,2,2018,Hyderabad,Hyundai
Maruti Suzuki Ciaz ZXi,649000,41900,Petrol,2,2015,Hyderabad,Maruti
Mercedes Benz AMG GT S,12500000,7000,Petrol,1,2016,Hyderabad,Mercedes
BMW X1 sDrive20d xLine,3500000,30000,Diesel,1,2018,Hyderabad,BMW
Audi A6 2.0 TDI Premium+,2500000,50000,Diesel,1,2014,Hyderabad,Audi
Honda City V 1.5L i-DTEC,1160000,24785,Diesel,1,2019,Hyderabad,Honda
Maruti Suzuki New Swift DZi...,740000,105000,Diesel,1,2017,Hyderabad,Maruti
Audi A4 35 TDI Premium Sunroof,2550000,8000,Diesel,1,2016,Hyderabad,Audi
Maruti Suzuki Vitara Brezza...,875000,54000,Diesel,1,2017,Hyderabad,Maruti
Maruti Suzuki SX4 ZDI,350000,70259,Diesel,1,2011,Hyderabad,Maruti
Toyota Etios D 4D GD,550000,82520,Diesel,1,2016,Hyderabad,Toyota
Toyota Innova Crysta 2.4 ZX...,1750000,90000,Diesel,1,2016,Hyderabad,Toyota
Maruti Suzuki Vitara Brezza...,975000,60484,Diesel,1,2019,Hyderabad,Maruti
Ford EcoSport 1.5 TDCi Tita...,850000,32865,Diesel,1,2016,Hyderabad,Ford
Honda Brio VX MT,465000,26679,Petrol,1,2014,Hyderabad,Honda
Maruti Suzuki Vitara Brezza...,1050000,31000,Diesel,1,2018,Hyderabad,Maruti
Maruti Suzuki Dzire VDI,750000,83064,Diesel,1,2018,Hyderabad,Maruti
Maruti Suzuki Swift VDi,490000,63000,Diesel,1,2013,Hyderabad,Maruti
Maruti Suzuki Vitara Brezza...,930000,64000,Diesel,1,2017,Hyderabad,Maruti
Mahindra Alturas G4 4WD AT,2900000,36000,Diesel,1,2019,Hyderabad,Mahindra
Volvo V40 D3 Kinetic,1495000,75000,Diesel,1,2015,Hyderabad,Volvo
Toyota Innova Crysta 2.4 ZX...,1950000,64000,Diesel,1,2017,Hyderabad,Toyota
Hyundai Verna Fluidic 1.6 C...,525000,72000,Diesel,1,2011,Hyderabad,Hyundai
Maruti Suzuki Vitara Brezza...,830000,54000,Diesel,1,2017,Hyderabad,Maruti
Hyundai Verna Fluidic 1.6 C...,510000,75000,Diesel,1,2011,Hyderabad,Hyundai
Toyota Innova 2.5 GX (Diese...,1350000,189881,Diesel,1,2015,Hyderabad,Toyota
Maruti Suzuki Vitara Brezza...,890000,59188,Diesel,2,2017,Hyderabad,Maruti
Maruti Suzuki Vitara Brezza...,850000,59000,Diesel,1,2017,Hyderabad,Maruti
Honda Brio S MT,380000,59000,Petrol,1,2013,Hyderabad,Honda
Maruti Suzuki Swift VDi,490000,69000,Diesel,1,2013,Hyderabad,Maruti
Maruti Suzuki Omni 8 STR BS IV,255000,58000,Petrol,1,2015,Hyderabad,Maruti
Maruti Suzuki S Cross Zeta ...,870000,100000,Diesel,1,2017,Hyderabad,Maruti
Maruti Suzuki Celerio Zdi,460000,48000,Diesel,1,2015,Hyderabad,Maruti
Hyundai Elite i20 1.4 U2 CR...,730000,53000,Diesel,1,2018,Hyderabad,Hyundai
Maruti Suzuki Vitara Brezza...,960000,36000,Diesel,1,2018,Hyderabad,Maruti
Maruti Suzuki S Cross Zeta ...,870000,64000,Diesel,1,2017,Hyderabad,Maruti
Toyota Innova 2.5 G (Diesel...,849000,169818,Diesel,2,2011,Hyderabad,Toyota
Hyundai Creta SX 1.6 AT CRDi,1325000,57000,Diesel,1,2018,Hyderabad,Hyundai
Tata Safari 4x2 GX DICOR BS IV,375000,134186,Diesel,1,2011,Hyderabad,Tata
Audi A4 1.8 TFSI Premium+,1150000,95000,Petrol,1,2011,Hyderabad,Audi
Maruti Suzuki Swift LDi BS IV,345000,130602,Diesel,1,2010,Hyderabad,Maruti
Hyundai Creta SX Plus 1.6 A...,1375000,79000,Diesel,1,2017,Hyderabad,Hyundai
Mercedes Benz E Class E 220...,5725000,6666,Diesel,,2019,Hyderabad,Mercedes
Maruti Suzuki Wagon R VXI,225000,75000,Petrol,1,2008,Hyderabad,Maruti
Hyundai Creta SX 1.6 CRDI VGT,1075000,67000,Diesel,1,2015,Hyderabad,Hyundai
Volvo V40 D3 Kinetic,1650000,36000,Diesel,1,2015,Hyderabad,Volvo
Toyota Innova Crysta 2.4 G ...,1585000,59756,Diesel,1,2016,Hyderabad,Toyota
Jaguar XJ L 3.0 V6 Portfolio,6500000,30000,Diesel,1,2016,Hyderabad,Jaguar
BMW 7 Series 730Ld Sedan,2450000,120000,Diesel,1,2011,Hyderabad,BMW
Ford Fiesta ZXi 1.4 TDCi,280000,85000,Diesel,1,2010,Hyderabad,Ford
Audi A8 L 3.0 TDI quattro S...,5500000,25000,Diesel,1,2015,Hyderabad,Audi
Maruti Suzuki Alto LXI,170000,85328,Petrol,1,2007,Hyderabad,Maruti
Maruti Suzuki Swift VDi,490000,70000,Diesel,1,2013,Hyderabad,Maruti
Maruti Suzuki Swift Old VDi,345000,178000,Diesel,1,2008,Hyderabad,Maruti
Maruti Suzuki Vitara Brezza...,970000,36027,Diesel,1,2018,Hyderabad,Maruti
Volvo XC60 Summum D5 AWD AT,2500000,60321,Diesel,1,2014,Hyderabad,Volvo
Audi Q3 2.0 TDI Quattro Pre...,2075000,62000,Diesel,1,2014,Hyderabad,Audi
Hyundai Elite i20 1.2 Kappa...,690000,25000,Petrol,1,2017,Hyderabad,Hyundai
Maruti Suzuki Omni E MPI ST...,310000,37878,Petrol,1,2016,Hyderabad,Maruti
Maruti Suzuki Swift VDi ABS,575000,115000,Diesel,1,2015,Hyderabad,Maruti
Nissan Micra XV Petrol Active,425000,64000,Petrol,1,2014,Hyderabad,Nissan
Mercedes Benz GLC 220 d,3650000,44255,Diesel,1,2016,Hyderabad,Mercedes
Mercedes Benz E Class E 250...,2550000,44580,Diesel,1,2016,Hyderabad,Mercedes
Mercedes Benz E Class E 350 d,5300000,31085,Diesel,1,2017,Hyderabad,Mercedes
Honda Amaze S MT Diesel,525000,88000,Diesel,1,2015,Hyderabad,Honda
Toyota Innova Crysta 2.4 G ...,1795000,65000,Diesel,1,2019,Hyderabad,Toyota
Skoda Superb 2.0 TDI CR AT ...,825000,85066,Diesel,1,2011,Hyderabad,Skoda
Maruti Suzuki SX4 MC ZDI,395000,148564,Diesel,1,2011,Hyderabad,Maruti
BMW 7 Series 730Ld DPE (CBU),5450000,22000,Diesel,1,2015,Hyderabad,BMW
Mercedes Benz E Class E250 ...,2950000,30000,Diesel,1,2014,Hyderabad,Mercedes
Mercedes Benz E Class E 220...,7200000,2419,Diesel,,2020,Hyderabad,Mercedes
Mercedes Benz E Class E 200,7150000,1908,Petrol,,2020,Hyderabad,Mercedes
Jaguar XF Aero-sport,3500000,20000,Diesel,1,2015,Hyderabad,Jaguar
BMW 6 Series GT 630d M Sport,4300000,15000,Diesel,1,2018,Hyderabad,BMW
Maruti Suzuki Wagon R 1.0 M...,450000,66000,Petrol,1,2015,Hyderabad,Maruti
Maruti Suzuki Celerio VXi,420000,70000,Petrol,1,2015,Hyderabad,Maruti
Maruti Suzuki Eeco 5 STR,390000,56000,Petrol,1,2015,Hyderabad,Maruti
Hyundai Verna Fluidic 1.6 C...,620000,79000,Diesel,1,2014,Hyderabad,Hyundai
Hyundai Grand i10 Magna 1.1...,425000,63000,Diesel,1,2014,Hyderabad,Hyundai
Hyundai Verna Fluidic 1.6 C...,625000,92000,Diesel,1,2014,Hyderabad,Hyundai
Hyundai i10 Magna 1.2,230000,81000,Petrol,1,2008,Hyderabad,Hyundai
Hyundai i10 Era iRDE2,310000,32000,Petrol,1,2011,Hyderabad,Hyundai
Toyota Innova 2.5 GX (Diese...,1175000,85821,Diesel,1,2015,Hyderabad,Toyota
Mahindra TUV300 T10,975000,26010,Diesel,1,2018,Hyderabad,Mahindra
Toyota Innova Crysta 2.4 G ...,1575000,39588,Diesel,1,2017,Hyderabad,Toyota
Mercedes Benz B Class B180,1275000,85000,Petrol,1,2013,Hyderabad,Mercedes
Toyota Fortuner 2.8 4x4 AT,3150000,36000,Diesel,1,2018,Hyderabad,Toyota
Volkswagen Polo GT TDI,675000,47268,Diesel,1,2017,Hyderabad,Volkswagen
Maruti Suzuki Swift VDi ABS,750000,16258,Diesel,1,2019,Hyderabad,Maruti
Maruti Suzuki Swift VDi,750000,21216,Diesel,1,2019,Hyderabad,Maruti
Renault Lodgy RxL 110PS,585000,23481,Diesel,1,2015,Hyderabad,Renault
Maruti Suzuki Swift VDi,599999,58000,Diesel,1,2016,Hyderabad,Maruti
Ford Figo Aspire 1.5 TDCi A...,585000,85707,Diesel,1,2016,Hyderabad,Ford
Hyundai Eon Magna +,300000,50312,Petrol,1,2013,Hyderabad,Hyundai
Hyundai Eon Era + LPG,290000,42556,LPG,1,2013,Hyderabad,Hyundai
Hyundai Venue S 1.2 Petrol,785000,12816,Petrol,1,2020,Hyderabad,Hyundai
Volkswagen Vento Highline D...,385000,109380,Diesel,1,2012,Hyderabad,Volkswagen
Maruti Suzuki Baleno Delta ...,628000,23899,Petrol,1,2017,Hyderabad,Maruti
Maruti Suzuki Celerio VXi,425000,75699,Petrol,1,2019,Hyderabad,Maruti
Mahindra Quanto C6,335000,71407,Diesel,1,2012,Hyderabad,Mahindra
Maruti Suzuki Alto LXI,195000,32005,Petrol,1,2010,Hyderabad,Maruti
Maruti Suzuki Swift VDi,670000,51312,Diesel,1,2017,Hyderabad,Maruti
Volkswagen Vento 1.5 TDI Co...,680000,87846,Diesel,1,2015,Hyderabad,Volkswagen
Honda Amaze 1.5 S i-DTEC,450000,113724,Diesel,1,2014,Hyderabad,Honda
Skoda Rapid 1.5 TDI CR Ambi...,570000,98603,Diesel,1,2014,Hyderabad,Skoda
Hyundai Eon Era +,250000,53269,Petrol,1,2012,Hyderabad,Hyundai
Maruti Suzuki Celerio VXi (O),405000,66541,Petrol,1,2016,Hyderabad,Maruti
Maruti Suzuki Celerio X Zxi...,525000,28719,Petrol,1,2018,Hyderabad,Maruti
Hyundai Getz GVS,205000,87100,Petrol,1,2008,Hyderabad,Hyundai
Mahindra XUV500 W8 FWD,950000,78000,Diesel,1,2015,Hyderabad,Mahindra
Maruti Suzuki Ritz Vxi BS IV,265000,72000,Petrol,1,2011,Hyderabad,Maruti
Toyota Corolla Altis 1.8 J,825000,75000,Diesel,1,2016,Hyderabad,Toyota
Maruti Suzuki Swift Dzire LXi,480000,82000,Petrol,1,2013,Hyderabad,Maruti
Ford EcoSport 1.5 TDCi Ambi...,575000,81000,Diesel,1,2014,Hyderabad,Ford
Maruti Suzuki Eeco 5 STR WI...,380000,390000,Petrol,1,2017,Hyderabad,Maruti
Maruti Suzuki Swift VXi,550000,32000,Petrol,1,2017,Hyderabad,Maruti
Hyundai Santro Xing XG eRLX...,175000,78000,Petrol,1,2007,Hyderabad,Hyundai
Toyota Innova 2.5 GX 7 STR,925000,184000,Diesel,1,2015,Hyderabad,Toyota
Maruti Suzuki Baleno Sigma ...,690000,52000,Diesel,1,2016,Hyderabad,Maruti
Ford EcoSport 1.5 TDCi Tita...,1025000,29810,Diesel,1,2018,Hyderabad,Ford
Hyundai i10 Magna 1.2 Kappa2,325000,27000,Petrol,1,2012,Hyderabad,Hyundai
Toyota Innova Crysta 2.8 ZX...,2050000,45519,Diesel,1,2018,Hyderabad,Toyota
Hyundai Accent Executive,245000,85535,Petrol,1,2010,Hyderabad,Hyundai
Ford Figo Aspire 1.5 TDCi T...,550000,71498,Diesel,1,2016,Hyderabad,Ford
Ford Figo Duratorq Diesel T...,325000,88618,Diesel,1,2013,Hyderabad,Ford
Maruti Suzuki Celerio VXi,425000,28765,Petrol,1,2016,Hyderabad,Maruti
Maruti Suzuki Alto 800 VXI,275000,96310,Petrol,1,2016,Hyderabad,Maruti
Toyota Fortuner 3.0 (Limite...,1225000,157369,Diesel,1,2010,Hyderabad,Toyota
Maruti Suzuki Baleno Delta ...,575000,69000,Diesel,1,2015,Hyderabad,Maruti
Hyundai i20 Sportz 1.4 CRDI,395000,85000,Diesel,1,2012,Hyderabad,Hyundai
Maruti Suzuki Swift VDi,545000,75623,Diesel,1,2014,Hyderabad,Maruti
Hyundai i10 Era,225000,41728,Petrol,1,2007,Hyderabad,Hyundai
Maruti Suzuki Dzire ZXI,790000,11709,Petrol,1,2019,Hyderabad,Maruti
Hyundai Grand i10 Sportz 1....,625000,10005,Petrol,1,2019,Hyderabad,Hyundai
Hyundai Venue SX 1.0 (O) Pe...,1050000,5756,Petrol,1,2019,Hyderabad,Hyundai
Hyundai Elite i20 1.4 U2 CR...,650000,66483,Diesel,1,2016,Hyderabad,Hyundai
Maruti Suzuki Vitara Brezza...,950000,35282,Diesel,1,2020,Hyderabad,Maruti
Maruti Suzuki Vitara Brezza...,925000,43087,Diesel,1,2018,Hyderabad,Maruti
Toyota Innova 2.5 VX 7 STR ...,950000,229155,Diesel,1,2013,Hyderabad,Toyota
Maruti Suzuki Baleno Delta ...,595000,40486,Petrol,1,2017,Hyderabad,Maruti
Hyundai Grand i10 Sportz 1....,625000,30000,Petrol,1,2018,Hyderabad,Hyundai
Volkswagen Ameo Highline1.5...,725000,59756,Diesel,1,2017,Hyderabad,Volkswagen
Hyundai Elite i20 Asta 1.2 (O),675000,58236,Petrol,1,2016,Hyderabad,Hyundai
Tata Nano Twist XT,215000,20285,Petrol,1,2016,Hyderabad,Tata
Hyundai Creta SX 1.6 CRDI VGT,1050000,103000,Diesel,1,2017,Hyderabad,Hyundai
Maruti Suzuki Wagon R 1.0 M...,455000,15416,Petrol,1,2017,Hyderabad,Maruti
Honda City 1.5 V MT,550000,84416,Petrol,1,2013,Hyderabad,Honda
Maruti Suzuki Vitara Brezza...,1025000,53338,Diesel,1,2018,Hyderabad,Maruti
Maruti Suzuki Dzire VDI,690000,89213,Diesel,1,2017,Hyderabad,Maruti
Hyundai Verna Fluidic 1.6 C...,555000,82000,Diesel,1,2013,Hyderabad,Hyundai
Maruti Suzuki Baleno Delta ...,675000,55705,Petrol,1,2016,Hyderabad,Maruti
Hyundai Verna Fluidic 1.6 V...,975000,13220,Petrol,1,2018,Hyderabad,Hyundai
Ford EcoSport 1.5 TDCi Tita...,1115000,21604,Diesel,1,2019,Hyderabad,Ford
Maruti Suzuki Celerio VXi A...,425000,48105,Petrol,1,2014,Hyderabad,Maruti
Maruti Suzuki Alto 800 LXI (O),300000,71071,Petrol,1,2017,Hyderabad,Maruti
Hyundai Grand i10 Magna 1.1...,485000,62049,Diesel,1,2016,Hyderabad,Hyundai
Hyundai Verna SX (O) Annive...,1350000,30592,Diesel,1,2018,Hyderabad,Hyundai
Maruti Suzuki Ertiga ZDI BS...,745000,104878,Diesel,1,2015,Hyderabad,Maruti
Renault Pulse RxZ Diesel,365000,66224,Diesel,1,2013,Hyderabad,Renault
Skoda Rapid Ambition 1.6 TD...,525000,999917,Diesel,1,2013,Hyderabad,Skoda
Honda Amaze 1.2 S MT Petrol,650000,9534,Petrol,1,2018,Hyderabad,Honda
Maruti Suzuki Vitara Brezza...,1025000,45300,Diesel,1,2019,Hyderabad,Maruti
Tata Tiago Revotorq XZ,665000,8857,Diesel,1,2019,Hyderabad,Tata
Hyundai Creta SX 1.6 CRDI VGT,1105000,96524,Diesel,1,2015,Hyderabad,Hyundai
Chevrolet Spark LS 1.0,145000,43697,Petrol,1,2008,Hyderabad,Chevrolet
Honda Amaze 1.2 S MT Petrol,655000,8850,Petrol,1,2018,Hyderabad,Honda
Nissan Micra XV Diesel,220000,108233,Diesel,1,2011,Hyderabad,Nissan
Maruti Suzuki Alto 800 LXI,315000,37687,Petrol,1,2016,Hyderabad,Maruti
Hyundai Verna Fluidic 1.6 C...,605000,103676,Diesel,1,2013,Hyderabad,Hyundai
Maruti Suzuki Swift Dzire VDi,465000,116956,Diesel,1,2012,Hyderabad,Maruti
Hyundai Creta SX Plus 1.6 A...,1275000,92287,Diesel,1,2017,Hyderabad,Hyundai
Toyota Innova 2.5 VX 8 STR,1305000,160813,Diesel,1,2015,Hyderabad,Toyota
Maruti Suzuki Eeco 5 STR WI...,270000,70000,CNG,2,2012,Hyderabad,Maruti
Maruti Suzuki Omni 8 STR BS IV,225000,50000,Petrol,1,2015,Hyderabad,Maruti
Mahindra KUV100 K6+ Petrol ...,4500000,86061,Diesel,1,2016,Hyderabad,Mahindra
Maruti Suzuki SX4 VDI,360000,100000,Diesel,1,2011,Hyderabad,Maruti
Maruti Suzuki Vitara Brezza...,930000,33000,Diesel,1,2017,Hyderabad,Maruti
Maruti Suzuki Omni 8 STR BS IV,260000,52000,Petrol,1,2016,Hyderabad,Maruti
Maruti Suzuki Swift VDi,580000,68000,Diesel,1,2017,Hyderabad,Maruti
Hyundai Verna Fluidic 1.6 C...,450000,105000,Diesel,1,2012,Hyderabad,Hyundai
Honda Jazz VX 1.5L i-DTEC,725000,47000,Diesel,1,2017,Hyderabad,Honda
Toyota Etios D 4D GD,650000,77041,Diesel,1,2016,Hyderabad,Toyota
Maruti Suzuki Alto K10 VXi,325000,24423,Petrol,1,2016,Hyderabad,Maruti
Maruti Suzuki New Swift DZi...,590000,43000,Petrol,1,2014,Hyderabad,Maruti
Maruti Suzuki Swift VDi,385000,70000,Diesel,1,2011,Hyderabad,Maruti
Maruti Suzuki Celerio VXi A...,425000,50000,Petrol,1,2015,Hyderabad,Maruti
Hyundai i20 Sportz 1.2 BS IV,495000,37000,Petrol,1,2014,Hyderabad,Hyundai
Hyundai i10 Magna 1.2 AT,349000,49700,Petrol,1,2010,Hyderabad,Hyundai
Volkswagen Polo GT TSI,575000,42321,Petrol,1,2013,Hyderabad,Volkswagen
Maruti Suzuki Wagon R 1.0 M...,330000,27000,Petrol,1,2012,Hyderabad,Maruti
Hyundai i10 Magna 1.2 Kappa2,310000,72000,Petrol,1,2011,Hyderabad,Hyundai
Renault Kwid 1.0 RXT AMT,450000,20000,Petrol,1,2018,Hyderabad,Renault
Hyundai Elite i20 1.2 Kappa...,695000,21385,Petrol,1,2016,Hyderabad,Hyundai
Toyota Innova 2.5 G4 7 STR,1075000,167000,Diesel,1,2014,Hyderabad,Toyota
Maruti Suzuki Swift VDi ABS,585000,77321,Diesel,1,2016,Hyderabad,Maruti
Renault Kwid 1.0 AMT CLIMBER,450000,14000,Petrol,1,2017,Hyderabad,Renault
Maruti Suzuki Swift VXi,580000,45000,Petrol,1,2016,Hyderabad,Maruti
Jeep Compass Limited 1.4 Pe...,1850000,33000,Petrol,1,2018,Hyderabad,Jeep
Hyundai Creta SX+ 1.6 Diese...,1250000,54321,Diesel,1,2017,Hyderabad,Hyundai
Maruti Suzuki Baleno Alpha ...,675000,73253,Diesel,1,2016,Hyderabad,Maruti
Tata Nexon XZA Plus Petrol ...,945000,21321,Petrol,1,2019,Hyderabad,Tata
Maruti Suzuki Swift Dzire VXi,590000,32000,Petrol,1,2015,Hyderabad,Maruti
BMW 3 Series 320d Luxury Li...,3600000,5000,Diesel,1,2019,Hyderabad,BMW
Honda Amaze S MT Diesel (Opt),719000,26200,Diesel,1,2018,Hyderabad,Honda
Maruti Suzuki Swift Dzire ZXi,349000,42200,Petrol,1,2008,Hyderabad,Maruti
Hyundai i10 Sportz iRDE 2 1.1,469000,16500,Petrol,1,2016,Hyderabad,Hyundai
Renault Kwid 1.0 RXL AMT,385000,25000,Petrol,1,2018,Hyderabad,Renault
Maruti Suzuki Ertiga VDI SHVS,1125000,46000,Diesel,1,2018,Hyderabad,Maruti
Honda City SV 1.5L i-VTEC,685000,34321,Petrol,1,2015,Hyderabad,Honda
Volkswagen Ameo Trendline 1...,595000,38000,Diesel,1,2018,Hyderabad,Volkswagen
Toyota Innova Crysta 2.8 GX...,1750000,85000,Diesel,1,2016,Hyderabad,Toyota
Audi Q7 3.0 TDI quattro,1100000,90000,Diesel,1,2008,Hyderabad,Audi
Maruti Suzuki Zen Estilo VXi,185000,74000,Petrol,1,2007,Hyderabad,Maruti
Hyundai Santro Sportz AMT,560000,13100,Petrol,1,2019,Hyderabad,Hyundai
BMW M2 Competition,8000000,200,Petrol,1,2019,Hyderabad,BMW
Jaguar XF Diesel Luxury 2.2,2200000,30000,Diesel,1,2013,Hyderabad,Jaguar
Jaguar F Pace Prestige,5500000,14000,Diesel,1,2018,Hyderabad,Jaguar
Toyota Innova Crysta 2.4 VX...,1800000,96000,Diesel,1,2017,Hyderabad,Toyota
Honda City 1.5 S AT,425000,83000,Petrol,1,2009,Hyderabad,Honda
Maruti Suzuki Alto LXI,175000,87000,Petrol,1,2009,Hyderabad,Maruti
Honda Amaze 1.5 V AT i-DTEC,1050000,7000,Diesel,1,2020,Hyderabad,Honda
Tata Nano Twist XT,170000,30000,Petrol,1,2015,Hyderabad,Tata
Maruti Suzuki Swift VDi BS IV,340000,74000,Diesel,1,2010,Hyderabad,Maruti
Ford EcoSport 1.5 TDCi Tita...,520000,85000,Diesel,1,2013,Hyderabad,Ford
Maruti Suzuki Celerio LXi A...,450000,26000,Petrol,1,2014,Hyderabad,Maruti
Ford EcoSport 1.5 TDCi Ambi...,860000,29000,Diesel,1,2018,Hyderabad,Ford
Volkswagen Polo GT TSI Sport,935000,15000,Petrol,1,2018,Hyderabad,Volkswagen
Maruti Suzuki Vitara Brezza...,1045000,11000,Diesel,1,2019,Hyderabad,Maruti
Maruti Suzuki Swift VXi AMT,690000,35000,Petrol,1,2018,Hyderabad,Maruti
Maruti Suzuki Alto K10 VXi,245000,58256,Petrol,1,2012,Hyderabad,Maruti
Tata Manza Elan Quadrajet B...,310000,86000,Diesel,1,2011,Hyderabad,Tata
Honda City 1.5 V AT,475000,75000,Petrol,1,2011,Hyderabad,Honda
Maruti Suzuki Vitara Brezza...,1120000,25000,Diesel,1,2019,Hyderabad,Maruti
Maruti Suzuki Alto LXI,160000,82000,Petrol,1,2005,Hyderabad,Maruti
Mahindra XUV500 W6 FWD,725000,88366,Diesel,1,2013,Hyderabad,Mahindra
Volvo V40 Cross Country D3,1450000,80000,Diesel,1,2014,Hyderabad,Volvo
BMW 5 Series 530d Sedan M S...,5500000,20000,Diesel,1,2017,Hyderabad,BMW
Skoda Fabia Ambiente 1.2 TDI,325000,108725,Diesel,1,2012,Hyderabad,Skoda
Maruti Suzuki Baleno Delta ...,650000,46000,Petrol,1,2019,Hyderabad,Maruti
Ford Figo Duratorq Diesel T...,325000,68000,Diesel,1,2011,Hyderabad,Ford
Hyundai Santro Xing XO eRLX...,185000,63095,Petrol,2,2007,Hyderabad,Hyundai
Ford EcoSport 1.5 TDCi Tren...,475000,77000,Diesel,1,2013,Hyderabad,Ford
Chevrolet Beat LS Diesel,260000,53000,Diesel,1,2011,Hyderabad,Chevrolet
Ford Figo Duratorq Diesel Z...,275000,86841,Diesel,1,2011,Hyderabad,Ford
Toyota Innova Crysta 2.4 VX...,1650000,96000,Diesel,1,2016,Hyderabad,Toyota
Honda BR-V VX (Petrol),795000,48001,Petrol,1,2016,Hyderabad,Honda
Hyundai i10 Magna,320000,67000,Petrol,1,2010,Hyderabad,Hyundai
Honda CR V 2.4 AT,475000,104000,Petrol,1,2007,Hyderabad,Honda
Nissan Sunny XV Diesel,470000,68000,Diesel,1,2013,Hyderabad,Nissan
Mercedes Benz A Class A 180...,1350000,51001,Petrol,1,2013,Hyderabad,Mercedes
Hyundai Santro Xing GLS LPG,265000,68000,LPG,1,2009,Hyderabad,Hyundai
Audi A6 2.0 TDI Premium+,2450000,35000,Diesel,1,2015,Hyderabad,Audi
Audi Q5 3.0 TDI quattro V6 ...,3200000,30000,Diesel,1,2015,Hyderabad,Audi
Mercedes Benz CLS 250 CDI,5400000,10000,Diesel,1,2016,Hyderabad,Mercedes
Jaguar F Type S Convertible,8500000,9000,Petrol,1,2017,Hyderabad,Jaguar
Mahindra XUV 300 1.5 W8 (O),1175000,19861,Diesel,1,2019,Hyderabad,Mahindra
Mahindra Verito 1.5 D4 BS IV,180000,163000,Diesel,1,2012,Hyderabad,Mahindra
Mahindra Verito 1.4 G4 BS IV,180000,240000,Petrol,1,2014,Hyderabad,Mahindra
Hyundai i20 Active 1.4 U2 C...,650000,44890,Diesel,1,2015,Hyderabad,Hyundai
Maruti Suzuki Ertiga VDI SHVS,705000,141192,Diesel,1,2016,Hyderabad,Maruti
Hyundai Santro Xing XK eRLX...,115000,104771,Petrol,1,2006,Hyderabad,Hyundai
Maruti Suzuki Wagon R VXI 1...,475000,30464,Petrol,1,2018,Hyderabad,Maruti
Maruti Suzuki Swift Old VDi,220000,82000,Diesel,2,2008,Hyderabad,Maruti
Hyundai i20 1.4L Asta Diesel,340000,72000,Diesel,2,2011,Hyderabad,Hyundai
Maruti Suzuki Alto LXi BS III,110000,119000,Petrol,2,2007,Hyderabad,Maruti
Hyundai Santro Xing XL eRLX...,170000,89746,Petrol,1,2007,Hyderabad,Hyundai
Toyota Innova Crysta 2.8 ZX...,2100000,27875,Diesel,1,2018,Hyderabad,Toyota
Tata Tiago Revotron XZ,550000,341,Petrol,1,2019,Hyderabad,Tata
Hyundai i20 Active 1.4L SX (O),675000,35004,Petrol,1,2016,Hyderabad,Hyundai
Renault Kwid 1.0 RXL AMT,385000,42208,Petrol,1,2017,Hyderabad,Renault
Renault Kwid RxT,315000,41344,Petrol,1,2016,Hyderabad,Renault
Maruti Suzuki Swift Dzire VXi,485000,80176,Petrol,1,2013,Hyderabad,Maruti
Datsun Redi-GO 1.0L S,290000,31740,Petrol,1,2017,Hyderabad,Datsun
Hyundai Verna Fluidic 1.6 C...,480000,96958,Diesel,1,2012,Hyderabad,Hyundai
Maruti Suzuki Ritz Vdi BS IV,330000,96139,Diesel,1,2012,Hyderabad,Maruti
Maruti Suzuki Wagon R 1.0 VXi,365000,74154,Petrol,1,2015,Hyderabad,Maruti
Mahindra Scorpio VLX Airbag...,490000,130000,Diesel,2,2011,Hyderabad,Mahindra
Maruti Suzuki Wagon R 1.0 M...,360000,50370,Petrol,1,2013,Hyderabad,Maruti
Hyundai Xcent 2nd Gen 1.1 U...,425000,80000,Diesel,1,2017,Hyderabad,Hyundai
Toyota Etios Liva G,350000,90000,Petrol,1,2013,Hyderabad,Toyota
Toyota Innova Crysta 2.4 ZX...,2100000,33000,Diesel,1,2018,Hyderabad,Toyota
Maruti Suzuki Alto K10 VXi,250000,39290,Petrol,1,2010,Hyderabad,Maruti
Land Rover Freelander 2 SE,1500000,106000,Diesel,1,2010,Hyderabad,Land
Honda Brio VX AT,560000,28321,Petrol,1,2014,Hyderabad,Honda
Land Rover Range Rover Vela...,7800000,31951,Petrol,1,2018,Hyderabad,Land
Honda City ZX GXi,375000,92000,Petrol,1,2008,Hyderabad,Honda
Hyundai Verna Fluidic 1.6 C...,510000,75000,Diesel,1,2011,Hyderabad,Hyundai
Toyota Innova Crysta 2.4 G ...,1650000,107000,Diesel,1,2017,Hyderabad,Toyota
Toyota Etios Liva J,450000,62000,Diesel,1,2014,Hyderabad,Toyota
Toyota Innova 2.5 EV PS 8 S...,785000,142000,Diesel,1,2010,Hyderabad,Toyota
Mercedes Benz C Class C 220...,1200000,133000,Diesel,2,2014,Hyderabad,Mercedes
Audi A4 1.8 TFSI,1050000,95000,Petrol,1,2011,Hyderabad,Audi
Maruti Suzuki Swift Dzire VDi,775000,37000,Diesel,1,2017,Hyderabad,Maruti
Volvo S60 Kinetic D4,1250000,96000,Diesel,1,2012,Hyderabad,Volvo
Mercedes Benz E Class E250 ...,2500000,62000,Diesel,1,2014,Hyderabad,Mercedes
Ford EcoSport 1.5 TDCi Tita...,575000,84131,Diesel,1,2013,Hyderabad,Ford
Maruti Suzuki Swift VDi,595000,67631,Diesel,1,2017,Hyderabad,Maruti
Mahindra KUV100 K6 D 6 STR,450000,40016,Diesel,1,2016,Hyderabad,Mahindra
Toyota Fortuner 3.0 4X2 MT,1700000,124000,Diesel,1,2015,Hyderabad,Toyota
Honda City V 1.5L i-DTEC,690000,92582,Diesel,1,2016,Hyderabad,Honda
BMW 3 Series 320d Sedan,1175000,90016,Diesel,1,2011,Hyderabad,BMW
Nissan Terrano XL Plus Diesel,745000,70000,Diesel,1,2016,Hyderabad,Nissan
Hyundai Getz Prime 1.3 GVS,175000,53427,Petrol,1,2007,Hyderabad,Hyundai
Hyundai Elite i20 1.4 U2 CR...,755000,128283,Diesel,1,2015,Hyderabad,Hyundai
Skoda Rapid Ambition 1.5 TD...,450000,163971,Diesel,1,2012,Hyderabad,Skoda
Skoda Yeti Ambition 2.0 TDI...,700000,105246,Diesel,1,2012,Hyderabad,Skoda
Toyota Innova Crysta 2.8 ZX...,1950000,106653,Diesel,1,2016,Hyderabad,Toyota
Hyundai Verna Fluidic 1.6 C...,749000,95177,Diesel,2,2015,Hyderabad,Hyundai
Audi Q3 2.0 TDI Quattro Pre...,2200000,68024,Diesel,1,2015,Hyderabad,Audi
Tata Safari Storme 2.2 VX 4x2,750000,63666,Diesel,1,2014,Hyderabad,Tata
Hyundai Grand i10 Magna 1.1...,450000,63092,Diesel,1,2014,Hyderabad,Hyundai
Maruti Suzuki Swift Dzire ZXi,349000,85366,Petrol,1,2009,Hyderabad,Maruti
Hyundai Santro Xing GLS,199000,73341,Petrol,2,2007,Hyderabad,Hyundai
Mercedes Benz A Class A 200...,1800000,34911,Diesel,1,2015,Hyderabad,Mercedes
BMW 5 Series 525d Sedan,1820000,71041,Diesel,1,2013,Hyderabad,BMW
Hyundai i10 Magna 1.2 Kappa2,375000,55242,Petrol,1,2011,Hyderabad,Hyundai
Honda Brio V MT,449000,26504,Petrol,1,2014,Hyderabad,Honda
Maruti Suzuki 800 Std BS III,140000,17998,Petrol,1,2006,Hyderabad,Maruti
Hyundai Eon Magna + LPG,250000,70261,LPG,2,2012,Hyderabad,Hyundai
Maruti Suzuki Swift VDi,640000,75386,Diesel,1,2017,Hyderabad,Maruti
Maruti Suzuki Alto LXI BS IV,220000,37181,Petrol,1,2010,Hyderabad,Maruti
Maruti Suzuki S Cross Zeta ...,850000,41807,Diesel,1,2017,Hyderabad,Maruti
Maruti Suzuki Eeco 5 STR WI...,415000,45932,Petrol,1,2017,Hyderabad,Maruti
BMW 3 Series 320d Sedan,1495000,83000,Diesel,1,2013,Hyderabad,BMW
Hyundai Santro Xing XO eRLX...,225000,57000,Petrol,1,2007,Hyderabad,Hyundai
Skoda Laura L&K 2.0 TDI AT,450000,130000,Diesel,1,2009,Hyderabad,Skoda
Maruti Suzuki 800 AC BS III,135000,19550,Petrol,1,2008,Hyderabad,Maruti
Maruti Suzuki Zen Estilo VXi,250000,62987,Petrol,1,2011,Hyderabad,Maruti
Skoda Rapid Elegance 1.6 TD...,550000,79235,Diesel,1,2013,Hyderabad,Skoda
Hyundai Santa Fe 4 WD,700000,72350,Diesel,1,2011,Hyderabad,Hyundai
Mercedes Benz CLA Class 200...,2600000,28000,Diesel,1,2016,Hyderabad,Mercedes
Toyota Corolla Altis 1.8G(CVT),1150000,57389,Petrol,1,2014,Hyderabad,Toyota
